LAPAZ=[
80730659, 80730638, 80730693, 80730609, 80730582, 80730718, 80730657, 80730633, 80730640, 80730616, 80730642, 80730597, 80730591,
80730816, 80730414, 80730655, 80730628, 80730619, 80730613, 80730617, 80730755, 80730649, 80730635, 80730601, 80730598, 80730604,
80730584, 80730733, 80730600, 80730632, 80730796, 80730586, 80730631, 80730641, 80730797, 80730611, 80730608, 80730794, 80730615,
80730610, 80730654, 80730634, 80730818, 80730817, 80730660, 80730627, 80730929, 80730605, 80730571, 80730745, 80730663, 80730670,
80730671, 80730743, 80730588, 80730821, 80730599, 80730607, 80730639, 80730728, 50610039, 50610040, 50640079, 50640078, 50710023,
50660019, 50660017, 40730716, 80730815, 40730523, 40730648, 40730320, 40730541, 40730524, 40730704, 40730705, 40730315, 40730711,
40730317, 40730327, 40730425, 40730506, 40730318, 40730726, 40730532, 40730515, 40730604, 40730324, 80730695, 40730596, 40730540,
40730322, 40730603, 40730329, 40730326, 40730321, 40730328, 40730431, 40730323, 50630049, 50630048, 50680001, 80720211, 80720216,
80720219, 80720199, 80720226, 80720201, 80720200, 80720225, 80670079, 80540218, 80540275, 80540274, 80540170, 70580001, 80630044,
80690058, 80690055, 80690052, 80690057, 80570042, 80710059, 80600053, 80590045, 80590062, 70730063, 80620075, 80620067, 80620077,
80700121, 80700132, 80700122, 80560054, 80610083, 80610081, 80680080, 80680088, 80660195, 80660237, 80660218, 80660224, 80660191,
80660219, 80660197, 80660210, 40710028, 40640041, 40630117, 40630112, 40630121, 40610063, 40660001, 70720055, 70710080, 70710081,
70550009, 70600040, 70680110, 70630059, 70620073, 70620083, 60730047, 70700073, 70700067, 70670029, 70640029, 70640027, 70590028,
70590027, 70570019, 70650054, 20680003, 20710017, 20660001, 30610026, 80660200, 80660196, 80660194, 80660192, 30680017, 30640004,
30710001, 50730038, 60690020, 60620103, 60620100, 60620095, 60640046, 60710068, 60710062, 60700075, 60680040, 60660052, 60650036,
60630020, 80730741, 80730761, 80730768, 80730669, 80730719, 80730197, 80730596, 80730653, 80730723, 80730648, 80730658, 80730734,
40730412, 40730433, 80720212, 80540233, 80620068, 70700069, 80660198, 60620098, 40710033, 60660053, 60660054, 80730893, 80730644,
80730684, 80730696, 80730729, 80730726, 80730781, 80730827, 80730732, 80730690, 80730661, 80730836, 50610037, 50640088, 50660018,
40730566, 40730475, 40730682, 40730549, 40730256, 40730508, 40730334, 40730745, 40730493, 40730565, 40730602, 40730703, 50630066,
80720220, 80720217, 80540261, 80630048, 80630051, 80570044, 80600059, 80590064, 70730067, 80620079, 80610082, 80680082, 80660225,
40630116, 40630120, 40610073, 70600044, 70680119, 70630071, 70620080, 60730051, 70570020, 30610027, 20710018, 30610028, 30660002,
30680025, 30640003, 50730041, 60620104, 60640045, 60700074, 60680046, 60660056, 60630024, 80730666, 80730939, 80730323, 80730324,
80730296, 80730484, 80730922, 80730487, 80730553, 80730432, 80730433, 80730421, 80730420, 80730405, 80730404, 80730333, 80730334,
80730443, 80730442, 80730340, 80730341, 80730339, 80730515, 80730345, 80730284, 80730283, 80730151, 80730423, 80730803, 80730232,
80730314, 80730313, 80730467, 80730466, 80730238, 80730275, 80730274, 80730349, 80730053, 80730758, 80730144, 80730450, 80730451,
80730449, 80730376, 80730453, 80730452, 80730377, 80730445, 80730446, 80730425, 80730424, 80730399, 80730397, 80730447, 80730448,
80730682, 80730131, 80730133, 80730132, 80730567, 80730375, 80730492, 80730546, 80730673, 80730060, 80730686, 80730373, 80730636,
80730488, 80730828, 80730481, 80730664, 80730625, 80730622, 80730764, 80730771, 80730772, 80730738, 80730788, 80730749, 80730751,
80730756, 80730254, 80730946, 80730753, 80730736, 80730104, 80730112, 80730801, 80730802, 80730769, 80730675, 80730326, 80730325,
80730193, 80730192, 80730113, 80730501, 80730725, 80730539, 80730390, 80730897, 80730391, 80730735, 80730395, 80730478, 80730347,
80730941, 80730712, 80730359, 80730354, 80730787, 80730694, 80730172, 80730171, 80730774, 80730203, 80730807, 80730491, 80730785,
80730708, 80730805, 80730309, 80730257, 80730942, 80730380, 80730200, 80730199, 80730291, 80730290, 80730945, 80730289, 80730281,
80730282, 80730278, 80730280, 80730279, 80730573, 80730262, 80730263, 80730205, 80730163, 80730273, 80730271, 80730791, 80730702,
80730811, 80730064, 80730065, 80730098, 80730097, 80730810, 80730574, 80730268, 80730612, 80730824, 80730672, 80730041, 80730040,
80730056, 80730299, 80730731, 80730350, 80730298, 80730306, 80730307, 80730525, 40730205, 40730210, 40730206, 80730765, 40730209,
80730775, 80730957, 80730783, 80730697, 80730529, 80730536, 80730532, 80730533, 80730537, 80730535, 80730531, 80730955, 80730953,
80730952, 80730951, 80730950, 80730949, 80730261, 80730790, 80730519, 80730692, 80730804, 80730835, 80730829, 80730834, 80730643,
80730455, 80730674, 80730412, 80730364, 80730253, 80730252, 80730360, 80730777, 80730587, 80730462, 80730509, 80730894, 80730895,
80730896, 80730792, 80730800, 80730752, 80730831, 80730331, 80730715, 80730083, 80730085, 80730084, 80730023, 80730022, 80730020,
80730410, 80730370, 80730229, 80730230, 80730937, 80730330, 80730603, 80730602, 80730500, 80730356, 80730458, 80730901, 80730548,
80730304, 80730266, 80730556, 80730932, 80730207, 80730211, 80730439, 80730441, 80730438, 80730222, 80730510, 80730069, 80730346,
80730087, 80730086, 80730489, 80730460, 80730459, 80730480, 80730943, 80730108, 80730779, 80730427, 80730428, 80730005, 80730825,
80730213, 80730413, 80730899, 80730385, 80730342, 80730293, 80730090, 80730091, 80730294, 80730327, 80730328, 80730335, 80730337,
80730338, 80730934, 80730477, 80730551, 80730549, 80730045, 80730389, 80730770, 80730786, 80730776, 80730739, 80730336, 80730798,
80730814, 80730518, 80730522, 80730431, 80730585, 80730813, 80730795, 80730362, 80730146, 80730812, 80730630, 80730468, 80730469,
80730081, 80730080, 80730877, 80730878, 80730826, 80730704, 80730880, 80730947, 80730678, 80730218, 80730561, 80730562, 80730219,
80730031, 80730251, 80730030, 80730823, 80730881, 80730070, 80730024, 80730025, 80730026, 80730513, 80730224, 80730223, 80730592,
80730002, 80730698, 80730900, 80730120, 80730118, 80730623, 80730624, 80730876, 80730161, 80730162, 80730248, 80730541, 80730094,
80730095, 80730516, 80730073, 80730074, 80730119, 80730312, 80730311, 80730547, 80730191, 80730228, 80730744, 80730415, 80730418,
80730416, 80730680, 80730621, 80730013, 80730014, 80730009, 80730008, 80730176, 80730178, 80730019, 80730122, 80730123, 80730463,
80730464, 40730020, 40730021, 80730683, 80730105, 80730107, 80730106, 80730688, 80730762, 80730109, 80730110, 80730497, 80730125,
80730126, 80730180, 80730179, 80730614, 80730258, 80730003, 80730879, 80730201, 80730543, 80730270, 80730165, 80730166, 80730264,
80730265, 80730007, 80730182, 80730606, 80730563, 80730158, 80730004, 80730189, 80730188, 80730027, 80730029, 80730210, 80730209,
80730227, 80730226, 80730012, 80730010, 80730152, 80730153, 80730175, 80730174, 80730156, 80730157, 80730194, 80730047, 80730046,
80730140, 80730062, 80730167, 80730169, 80730186, 80730940, 80730173, 80730037, 80730036, 80730121, 80730044, 80730103, 80730101,
80730099, 80730102, 80730100, 80730127, 80730129, 80730071, 80730072, 80730077, 80730076, 80730078, 80730032, 80730033, 80730050,
80730043, 80730042, 80730114, 80730117, 80730116, 80730079, 80730066, 80730560, 80730067, 80730285, 80730286, 80730287, 80730436,
80730435, 80730402, 80730403, 80730485, 80730429, 80730430, 80730297, 80730322, 80730406, 80730407, 80730819, 80730482, 80730353,
80730028, 80730759, 80730938, 80730822, 80730956, 80730555, 80730524, 80730456, 80730954, 50610026, 50610025, 50610032, 50610029,
50610023, 50610019, 50610016, 50610017, 50610038, 50610009, 50610010, 50610013, 50610007, 50610006, 50610031, 50610005, 50610036,
50610020, 50610015, 50610028, 50610022, 50610027, 50610012, 50610035, 50610021, 50610033, 50610024, 50610030, 50610003, 50610004,
50610014, 50610011, 50610002, 50610001, 50610008, 50640002, 50640010, 50640006, 50640030, 50640028, 50640034, 50640033, 50640023,
50640003, 50640032, 50640007, 50640029, 50640081, 50640082, 50640035, 50640036, 50640080, 50640084, 50640083, 50640019, 50640074,
50640071, 50640085, 50640070, 50640068, 50640067, 50640004, 50640025, 50640024, 50640021, 50640001, 50640043, 50640053, 50640091,
50640050, 50640049, 50640040, 50640045, 50640090, 50640069, 50640051, 50640039, 50640048, 50640047, 50640037, 50640042, 50640089,
50640041, 50640054, 50640055, 50640012, 50640013, 50640011, 50640087, 50640064, 50640059, 50640065, 50640062, 50640061, 50640060,
50640093, 50640014, 50640016, 50640009, 50640017, 50640092, 50640018, 50640066, 50710007, 50710002, 50710018, 50710013, 50710019,
50710017, 50710015, 50710004, 50710014, 50710020, 50710021, 50710008, 50710006, 50710005, 50710012, 50710001, 50710010, 50710011,
50710003, 50710009, 50660015, 50660014, 50660016, 50660011, 50660006, 50660012, 50660010, 50660001, 50660002, 50660005, 50660004,
50660007, 50660008, 50660009, 50660013, 40730590, 40730553, 40730514, 40730744, 80620084, 40730285, 40730740, 40730028, 40730736,
40730734, 40730733, 40730247, 40730245, 40730248, 40730244, 40730246, 40730202, 40730537, 40730512, 40730153, 40730357, 40730641,
40730250, 40730249, 40730644, 40730354, 40730072, 40730073, 40730370, 40730645, 40730036, 40730587, 40730452, 40730313, 40730226,
40730228, 40730721, 40730560, 40730075, 40730023, 40730024, 40730722, 40730092, 40730710, 40730608, 40730725, 40730601, 40730363,
40730592, 40730572, 40730568, 40730570, 40730573, 40730459, 40730624, 40730470, 40730517, 40730739, 40730233, 40730388, 40730234,
40730712, 40730536, 40730016, 40730015, 40730152, 40730151, 40730099, 40730098, 40730484, 40730518, 40730303, 40730135, 40730136,
40730632, 40730588, 40730076, 40730111, 40730150, 40730149, 40730569, 40730275, 40730727, 40730501, 40730545, 40730372, 40730521,
70620075, 40730497, 40730162, 40730156, 40730157, 40730154, 40730155, 40730158, 40730440, 40730631, 40730548, 40730731, 40730613,
40730630, 40730621, 40730477, 40730160, 40730640, 40730499, 40730159, 40730088, 40730709, 40730625, 40730179, 40730186, 40730187,
40730188, 40730185, 40730184, 40730547, 40730362, 40730551, 40730312, 40730203, 40730429, 40730735, 40730610, 40730617, 40730010,
40730009, 40730415, 40730611, 40730612, 40730571, 40730584, 40730056, 40730084, 40730068, 40730267, 40730605, 40730589, 40730607,
40730583, 40730002, 40730001, 40730033, 40730580, 40730647, 40730672, 40730593, 40730086, 40730582, 40730522, 40730192, 40730191,
40730687, 40730507, 40730684, 40730688, 40730689, 40730336, 40730271, 40730067, 40730066, 40730181, 40730180, 40730690, 40730675,
40730254, 40730557, 40730418, 40730585, 40730456, 40730676, 40730457, 40730393, 40730577, 40730201, 40730691, 40730341, 40730408,
40730166, 40730526, 40730686, 40730375, 40730692, 40730693, 40730163, 40730599, 40730006, 40730005, 40730170, 40730169, 40730239,
40730172, 40730211, 40730230, 40730231, 40730232, 40730346, 40730353, 40730057, 40730576, 40730730, 40730113, 40730114, 40730051,
40730050, 40730049, 40730365, 40730102, 40730575, 40730237, 40730236, 40730554, 40730251, 40730238, 40730258, 40730252, 40730241,
40730439, 40730581, 40730436, 40730473, 40730586, 40730498, 40730430, 40730495, 40730500, 40730685, 40730637, 40730451, 40730462,
40730738, 40730453, 40730511, 40730519, 40730533, 40730520, 40730578, 40730461, 40730059, 40730530, 40730609, 40730366, 40730305,
40730471, 40730423, 40730627, 40730628, 40730367, 40730389, 40730555, 40730385, 40730615, 40730432, 40730546, 70620065, 40730616,
40730253, 40730229, 40730161, 40730544, 40730224, 40730534, 40730032, 40730391, 40730626, 40730129, 40730130, 40730368, 40730490,
40730558, 40730392, 40730646, 40730148, 40730031, 40730030, 40730029, 40730595, 40730171, 40730037, 40730038, 40730358, 40730182,
40730007, 40730008, 40730413, 40730003, 40730004, 40730174, 40730017, 40730018, 40730027, 40730176, 40730178, 40730177, 40730019,
40730183, 40730633, 40730173, 40730417, 40730673, 40730198, 40730223, 40730243, 40730242, 40730221, 40730222, 40730200, 40730283,
40730193, 40730598, 40730216, 40730215, 40730220, 40730217, 40730218, 40730257, 40730207, 40730213, 40730265, 40730552, 40730301,
40730214, 40730398, 40730293, 40730078, 40730079, 40730325, 40730316, 40730344, 40730485, 40730374, 40730376, 40730487, 40730448,
40730635, 40730373, 40730400, 40730445, 40730397, 40730634, 40730396, 40730399, 40730403, 40730402, 40730195, 40730194, 40730606,
40730469, 40730671, 40730465, 40730454, 40730597, 40730441, 40730442, 40730463, 40730447, 40730464, 40730472, 40730404, 40730594,
40730197, 40730196, 40730189, 40730190, 40730401, 40730395, 40730502, 40730504, 40730539, 40730476, 40730438, 40730491, 40730481,
40730482, 40730026, 40730025, 40730013, 40730014, 40730011, 40730489, 40730550, 40730034, 40730083, 40730082, 40730567, 40730074,
40730071, 40730063, 40730062, 40730058, 40730669, 40730085, 40730045, 40730042, 40730044, 40730043, 40730089, 40730040, 40730039,
40730064, 40730065, 40730046, 40730047, 40730048, 40730061, 40730060, 40730543, 40730097, 40730338, 40730108, 40730141, 40730118,
40730116, 40730117, 40730119, 40730140, 40730139, 40730094, 40730095, 40730101, 40730100, 40730091, 40730620, 40730124, 40730125,
40730132, 40730131, 40730137, 40730314, 40730133, 40730562, 40730109, 40730110, 40730123, 40730138, 40730115, 40730122, 40730121,
40730128, 40730529, 40730112, 40730492, 40730535, 40730103, 40730104, 40730105, 40730126, 40730127, 40730144, 40730591, 40730259,
40730538, 40730260, 40730147, 40730579, 40730282, 40730227, 40730262, 40730600, 40730273, 40730255, 40730563, 40730134, 40730296,
40730106, 40730107, 40730427, 40730619, 40730261, 40730390, 40730674, 40730199, 40730449, 40730120, 40730614, 40730167, 40730168,
40730516, 40730422, 40730728, 50730032, 40730410, 40730556, 40730639, 70620076, 40730496, 40730468, 40730443, 40730629, 40730618,
40730421, 40730574, 40730488, 40730420, 40730450, 40730737, 40730638, 40730424, 40730419, 40730446, 40730623, 40730444, 40730460,
40730394, 40730458, 40730505, 40730070, 40730069, 40730479, 40730483, 40730509, 40730467, 40730434, 40730466, 40730503, 40730513,
40730683, 40730527, 40730542, 40730510, 40730528, 40730525, 40730428, 40730559, 40730478, 40730335, 40730272, 40730435, 40730276,
40730292, 40730295, 40730284, 40730474, 40730298, 40730286, 40730380, 40730164, 40730165, 40730263, 40730622, 40730636, 40730437,
40730426, 40730146, 40730090, 40730743, 40730741, 40730742, 70620063, 60650028, 50650001, 60650021, 60650022, 60650032, 60650030,
60650035, 60650031, 40650002, 70650045, 40650018, 60650029, 50630018, 50630078, 50630082, 50630076, 50630073, 50630077, 50630032,
50630019, 50630020, 50630070, 50630003, 50630004, 50630081, 50630086, 50630085, 50630060, 50630083, 50630079, 50630067, 50630072,
50630001, 50630038, 50630063, 50630002, 50630084, 50630069, 50630068, 50630055, 50630023, 50630039, 50630056, 50630015, 50630071,
50630009, 50630057, 50630008, 50630059, 50630062, 50630027, 50630036, 50630033, 50630013, 50630028, 50630061, 50630075, 50630010,
50630025, 50630064, 50630005, 50630021, 50630047, 50630030, 50630017, 50630029, 50630026, 50630042, 50630087, 50630037, 50630035,
50630045, 50630011, 50630041, 50630074, 50630024, 50620031, 50620020, 50620022, 50620023, 50620019, 50620021, 50620010, 50620011,
50620014, 50620015, 50620003, 50620029, 50620002, 50620005, 50620025, 50620024, 50620009, 50620028, 50620027, 50620008, 50620026,
50620012, 50620001, 50620013, 60680001, 60680004, 60680002, 60680009, 60680006, 60680008, 60680010, 60680003, 60680007, 10710040,
10710042, 10710043, 10710015, 10710025, 10710002, 10710028, 10710024, 10710023, 10710021, 10710017, 10710036, 10710019, 10710048,
10710016, 10710014, 10710013, 10710020, 10710035, 10710032, 10710005, 10710007, 10710008, 10710031, 10710006, 10710044, 10710038,
10710018, 10710045, 10710050, 10710022, 10710033, 10710039, 10710004, 10710010, 10710001, 10710027, 10710030, 10710011, 10710009,
10710012, 10710047, 10710037, 10680001, 70680088, 70680085, 70680089, 70680075, 70680093, 70680109, 70680050, 10680003, 70680079,
70680074, 70680097, 70680060, 70680077, 70680078, 70680047, 70680073, 70680080, 70680048, 70680045, 10680002, 10680004, 70680103,
70680095, 70680086, 70680070, 70680091, 70680076, 80720195, 80720029, 80720034, 80720045, 80720030, 80720033, 80720032, 80720028,
80720036, 80720027, 80720126, 80720079, 80720224, 80720080, 80720076, 80720196, 80720098, 80720092, 80720087, 80720096, 80720100,
80720097, 80720103, 80720102, 80720104, 80720181, 80720197, 80720210, 80720047, 80720214, 80720056, 80720052, 80720002, 80720060,
80720188, 80720175, 80720042, 80720054, 80720021, 80720051, 80720050, 80720061, 80720053, 80720068, 80720062, 80720067, 80720064,
80720072, 80720058, 80720120, 80720069, 80720059, 80720049, 80720121, 80720198, 80720057, 80720048, 80720180, 80720055, 80720118,
80720182, 80720105, 80720106, 80720112, 80720107, 80720221, 80720109, 80720108, 80720063, 80720083, 80720190, 80720111, 80720124,
80720088, 80720065, 80720084, 80720066, 80720082, 80720081, 80720085, 80720035, 80720037, 80720009, 80720039, 80720040, 80720006,
80720013, 80720011, 80720005, 80720008, 80720038, 80720115, 80720007, 80720117, 80720003, 80720012, 80720004, 80720010, 80720031,
80720090, 80720086, 80720089, 80720095, 80720163, 80720193, 80720218, 80720169, 80720170, 80720192, 80720191, 80720110, 80720073,
80720075, 80720078, 80720025, 80720023, 80720019, 80720014, 80720116, 80720018, 80720024, 80720044, 80720041, 80720015, 80720022,
80720016, 80720194, 80720001, 80720017, 80720020, 80720043, 80720157, 80720153, 80720141, 80720152, 80720155, 80720158, 80720150,
80720143, 80720139, 80720187, 80720151, 80720154, 80720156, 80720174, 80720148, 80720149, 80720215, 80720165, 80720161, 80720135,
80720189, 80720186, 80720168, 80720147, 80720207, 80720159, 80720173, 80720137, 80720172, 80720185, 80720144, 80720183, 80720184,
80720136, 80720167, 80720166, 80720114, 80720142, 80720129, 80720171, 80720140, 80720177, 80670093, 80670078, 80670001, 80670002,
80670092, 80670082, 80670017, 80670056, 80670059, 80670060, 80670046, 80670061, 80670052, 80670050, 80670011, 80670045, 80670035,
80670053, 80670047, 80670003, 80670033, 80670063, 80670049, 80670012, 80670032, 80670057, 80670036, 80670027, 80670020, 80670021,
80670029, 80670013, 80670005, 80670031, 80670072, 80670081, 80670085, 80670028, 80670070, 80670041, 80670038, 80670024, 80670019,
80670010, 80670073, 80670058, 80670067, 80670069, 80670022, 80670074, 80670014, 80670023, 80670043, 80670066, 80670015, 80670009,
80670037, 80670006, 70680028, 80670089, 80670018, 80670088, 80670030, 80670083, 80670016, 80670039, 80670008, 80670004, 80670048,
80670091, 80670084, 80670055, 80670054, 80670068, 80540251, 80540227, 80540234, 80540260, 80540194, 80540265, 80540013, 80540148,
80540043, 80540015, 80540014, 80540128, 80540067, 80540075, 80540195, 80540061, 80540062, 80540222, 80540057, 80540258, 80540033,
80540181, 80540028, 80540114, 80540121, 80540119, 80540272, 80540118, 80540116, 80540278, 50630014, 80540029, 80540032, 80540034,
80540279, 80540228, 80540136, 80540051, 80540052, 80540054, 80540040, 80540045, 80540231, 80540244, 80540105, 80540208, 80540152,
80540035, 80540006, 80540002, 80540005, 80540103, 80540102, 80540259, 80540100, 80540101, 80540191, 80540099, 80540256, 80540166,
80540143, 80540146, 80540280, 80540147, 80540123, 80540257, 80540253, 80540254, 80540169, 80540124, 80540064, 80540155, 80540069,
80540131, 80540199, 80540078, 80540087, 80540262, 80540072, 80540065, 80540066, 80540068, 80540079, 80540077, 80540008, 80540009,
80540010, 80540188, 80540098, 80540070, 80540129, 80540207, 80540139, 80540205, 80540204, 80540081, 80540248, 80540093, 80540241,
80540226, 80540088, 80540243, 80540224, 80540089, 80540090, 80540086, 80540092, 80540084, 80540082, 80540083, 80540212, 80540091,
80540162, 80540080, 80540048, 80540044, 80540165, 80540198, 80540197, 80540019, 80540264, 80540202, 80540249, 80540060, 80540163,
80540229, 80540003, 80540041, 80540150, 80540276, 80540125, 80540073, 80540024, 80540021, 80540037, 80540186, 80540213, 80540135,
80540184, 80540250, 80540038, 80540200, 80540020, 80540245, 70680069, 70680068, 80540221, 80540239, 80540154, 80540156, 80540140,
80540141, 80540142, 80540232, 80540193, 80540042, 80540025, 80540023, 80540022, 80540036, 80540096, 80540158, 80540182, 80540095,
80540026, 80540153, 80540271, 80540277, 80540268, 80540173, 80540134, 80540255, 80540016, 80540018, 80540017, 80540039, 80540109,
80540111, 80540046, 80540106, 80540137, 80540246, 80540247, 80540110, 80540263, 80540112, 80540107, 80540053, 80540104, 80540127,
80540157, 80540238, 80540273, 80540074, 80540160, 80540161, 80540201, 80540180, 80540012, 80540011, 80580062, 80580043, 80580041,
80580007, 80580060, 80580017, 80580020, 80580018, 80580030, 80580026, 80580027, 80580061, 80580024, 80580056, 80580022, 80580028,
80580042, 80580045, 80580044, 80580008, 80580019, 80580051, 80580010, 80580002, 80580003, 80580009, 80580012, 80580053, 80580059,
80580011, 80580015, 80580063, 80580052, 80580013, 80580058, 80580054, 80580025, 80580006, 80580005, 80580029, 80580001, 80630016,
80630036, 80630015, 80630021, 80630005, 80630038, 80630019, 80630046, 80630022, 80630006, 80630017, 80630045, 80630018, 80630001,
80630034, 80630033, 80630032, 80630031, 80630049, 80630020, 80630047, 80630027, 80630024, 80630026, 80630023, 80630003, 80630039,
80630002, 80630052, 80630043, 80630012, 80630013, 80630010, 80630030, 80630008, 80630009, 80630014, 80630029, 80630028, 80630011,
80630007, 80630035, 80690015, 80690048, 70720042, 40680022, 60680026, 80690026, 80690027, 80690023, 80690025, 80690022, 80690051,
80690020, 80690059, 80690016, 80690014, 80690019, 80690063, 80690062, 80690036, 80690043, 80690061, 80690040, 80690030, 80690053,
80690039, 80690047, 80690042, 80690046, 80690054, 80690008, 80690028, 80690018, 80690009, 80690012, 80690010, 80690034, 80690011,
80690017, 80690005, 80690006, 80690013, 80690001, 80690002, 80690038, 80690003, 80690004, 80690033, 80690037, 80690032, 80690049,
80690029, 80690035, 80690056, 80570017, 80570038, 80570004, 80570005, 80570021, 80570040, 80570022, 80570026, 80570036, 80570003,
80570029, 80570001, 80570028, 80570025, 80570006, 80570015, 80570024, 80570034, 80570019, 80570027, 80570033, 80570002, 80570014,
80570030, 80570012, 80570013, 80570011, 80570007, 80570008, 80570035, 80570032, 80570016, 80570041, 80570009, 80570023, 80570031,
80570010, 80570037, 80710004, 80710009, 80710010, 80710044, 80710043, 80710018, 80710057, 80710015, 80710001, 80710002, 80710003,
80710033, 80710036, 80710060, 80710030, 80710031, 80710034, 80710035, 80710005, 80710006, 80710007, 80710027, 70710056, 80710021,
80710022, 80710023, 80710024, 80710029, 80710028, 80710052, 80710038, 80710039, 80710037, 80710058, 80710032, 80710050, 80710014,
80710041, 80710051, 80710013, 80710012, 80710019, 80710008, 80710042, 80710054, 80600037, 80600056, 80600051, 80600002, 80600035,
80600054, 80600009, 80600017, 80600018, 80600007, 80600014, 80600005, 80600049, 80600023, 80600008, 80600063, 80600055, 80600016,
80600012, 80600013, 80600040, 80600010, 80600046, 80600015, 80600001, 80600039, 80600003, 80600006, 80600025, 80600045, 80600048,
80600027, 80600030, 80600026, 80600034, 80600041, 80600062, 80600031, 80600038, 80600028, 80600032, 80600060, 80600024, 80600052,
80600029, 80600061, 80600050, 80600021, 80600019, 80600057, 80600058, 80600022, 80640056, 80640054, 80640026, 80640032, 80640025,
80640015, 80640018, 80640083, 80640021, 80640090, 80640075, 80640001, 80640098, 80640002, 80640019, 80640020, 80640049, 80640023,
80640024, 80640086, 80640074, 80640068, 80640102, 80640069, 80640072, 80640070, 80640091, 80640040, 80640044, 80640042, 80640043,
80640081, 80640041, 80640047, 80640045, 80640046, 80640076, 80640048, 80640067, 80640073, 80640059, 80640058, 80640082, 80640031,
80640065, 80640062, 80640087, 80640063, 80640064, 80640030, 80640013, 80640011, 80640016, 80640095, 80640017, 80640010, 80640033,
80640005, 80640084, 80640034, 80640035, 80640037, 80640039, 80640036, 80640104, 80640094, 80640088, 80640080, 80640004, 80640103,
80640003, 80640093, 80640078, 80640079, 80640009, 80640007, 80640029, 80640053, 80640057, 80640055, 80640099, 80640066, 80640061,
80640052, 80640101, 80640038, 80640006, 70590009, 70590003, 70590006, 70590012, 80590031, 80590021, 70590016, 80590059, 80590060,
70590010, 80590054, 80590025, 80590039, 80590065, 80590035, 80590058, 80590038, 70590001, 80590057, 80590027, 70590002, 80590030,
80590040, 80590032, 70590015, 80590048, 80590050, 80590053, 80590037, 80590026, 80590041, 80590033, 70590005, 80590029, 80590044,
70590011, 80590022, 80590034, 80590019, 80590049, 80590020, 70590004, 80590061, 80590024, 80590023, 80590063, 80590052, 80590055,
80590056, 80590016, 80650024, 80650005, 80650022, 80650053, 80650010, 80650013, 80650030, 80650014, 80650016, 80650001, 80650015,
80650026, 80650025, 80650032, 80650051, 80650054, 80650021, 80650006, 80650007, 80650033, 80650002, 80650019, 80650052, 60650005,
80650034, 80650050, 80650020, 80650011, 60650002, 80650008, 80650031, 80650018, 80650009, 80650003, 80650029, 80650035, 80650036,
80650045, 80650040, 80650017, 80650049, 70730054, 70730014, 70730029, 70730021, 70730017, 70730027, 70730030, 70730018, 70730050,
70730049, 70730023, 70730043, 70730042, 70730015, 70730016, 70730034, 70730064, 70730057, 70730020, 70730048, 70730025, 70730019,
70730045, 70730026, 70730046, 70730066, 70730047, 70730033, 70730024, 70730013, 70730039, 70730022, 70730036, 70730038, 70730060,
70730035, 70730037, 70730005, 70730001, 70730065, 70730003, 70730031, 70730068, 70730051, 60730029, 70730007, 70730010, 70730008,
70730011, 70730009, 70730006, 60730034, 70730062, 70730002, 70730012, 70730055, 70730032, 80620033, 80620082, 50620030, 50620016,
80620035, 80620023, 80620021, 80620019, 80620020, 80620002, 80620018, 80620074, 80620046, 80620058, 80620062, 80620044, 80620009,
80620039, 80620007, 80620042, 80620027, 80620066, 80620008, 80620040, 80620041, 80620026, 80620028, 80620043, 80620056, 80620057,
80620059, 50620007, 80620049, 80620047, 80620050, 80620072, 80620022, 80620051, 80620038, 80620037, 80620081, 80620005, 80620036,
80620076, 70620066, 70620070, 70620069, 70620067, 80620016, 80620014, 80620017, 80620001, 80620011, 80620012, 80620015, 80620013,
80620078, 60620099, 60620044, 80620080, 80620029, 80620003, 80620030, 80620052, 80620045, 80620061, 80620053, 80620031, 80620060,
80620034, 80620054, 80620073, 80620032, 60620045, 80620083, 60620043, 80620010, 80700001, 80700038, 80700036, 80700025, 80700023,
80700006, 80700116, 80700118, 80700035, 80700119, 80700039, 80700117, 80700008, 80700077, 80700072, 80700074, 80700098, 80700099,
80700051, 80700012, 80700047, 80700010, 80700101, 80700111, 80700003, 80700052, 80700100, 80700013, 80700015, 80700128, 80700055,
80700002, 80700131, 80700129, 80700073, 80700064, 80700060, 80700059, 80700063, 80700054, 80700053, 80700058, 80700062, 80700032,
80700031, 80700061, 80700070, 80700071, 80700057, 80700065, 80700026, 80700067, 80700068, 80700066, 80700120, 80700017, 80700134,
80700027, 80700021, 80700040, 80700024, 80700019, 80700022, 80700123, 80700005, 80700127, 80700088, 80700042, 80700085, 80700041,
80700044, 80700087, 80700018, 80700084, 80700083, 80700069, 80700043, 80700086, 80700028, 80700030, 80700029, 80700045, 80700011,
80700004, 80700092, 80700009, 80700094, 80700095, 80700050, 80700007, 80700108, 80700081, 80700093, 80700103, 80700109, 80700096,
80700104, 80700102, 80700110, 80700046, 80700082, 80700089, 80700091, 80700106, 80700107, 80700090, 80700097, 80560031, 80560049,
80560041, 80560016, 80560004, 80560030, 70560007, 70560025, 80560006, 80560052, 80560002, 80560027, 80560048, 80560051, 80560053,
80560017, 80560015, 80560005, 80560013, 80560045, 70560030, 80560047, 80560001, 80560008, 80560009, 70560027, 70560021, 80560050,
80560014, 80560007, 80560011, 80560012, 80560019, 80560003, 80550005, 80550008, 80550013, 80550010, 80550020, 80550007, 80550003,
80550012, 80550014, 80550004, 80550016, 80550002, 80550024, 80550023, 70550003, 80550015, 80550025, 80550009, 80550021, 70550004,
80550017, 80550019, 80550001, 80550006, 80610053, 80610032, 80610055, 80610036, 80610021, 80610029, 80610031, 80610056, 80610033,
80610030, 80610025, 80610022, 80610024, 80610076, 80610073, 80610026, 80610007, 80610050, 80610049, 80610054, 80610078, 80610058,
80610067, 80610039, 80610040, 80610037, 80610038, 80610035, 80610057, 80610046, 80610008, 80610004, 80610077, 80610015, 80610006,
80610005, 80610002, 80610001, 80610003, 80610009, 80610043, 80610042, 80610045, 80610044, 80610013, 80610014, 80610052, 80610011,
80610079, 80610012, 80610084, 80610075, 80610010, 80610027, 30610018, 60610018, 80610051, 80610047, 80610059, 80610048, 80610060,
80610085, 80610066, 80610069, 80610068, 80610070, 80610065, 80680001, 80680072, 80680076, 80680058, 80680033, 80680081, 80680014,
80680021, 80680051, 40680018, 40680010, 80680046, 80680061, 80680053, 80680043, 80680044, 80680045, 80680042, 80680068, 80680069,
80680054, 80680056, 40680007, 80680055, 80680027, 80680030, 80680032, 80680013, 80680016, 80680036, 80680083, 80680037, 80680039,
80680029, 80680008, 80680025, 80680035, 80680034, 80680070, 80680031, 80680004, 80680006, 80680007, 80680009, 80680059, 80680062,
80680002, 80680020, 80680005, 80680017, 80680047, 80680048, 80680052, 80680003, 80680050, 40680008, 80680071, 80680040, 80680073,
80680024, 80680079, 80680089, 80680041, 80680015, 80680011, 40680027, 40680016, 80680010, 80680049, 80680012, 40680017, 80680087,
40680015, 80680084, 80680038, 80680060, 80680086, 80680028, 80660136, 80660141, 80660239, 80660238, 80660140, 80660207, 80660185,
80660213, 80660226, 80660242, 80660227, 80660002, 80660169, 80660232, 80660228, 80660229, 80660235, 40730081, 40730080, 80660236,
80660240, 80660142, 80660007, 80660006, 80660168, 80660188, 80660205, 80660215, 80660212, 80660180, 80660189, 80660216, 80660211,
80660244, 80660221, 80660222, 80660003, 80660008, 80660001, 80660004, 80660005, 80660220, 80660223, 80660013, 80660015, 80660026,
80660023, 80660022, 80660021, 80660135, 80660209, 80660041, 80660243, 80660137, 80660217, 80660230, 80660173, 80660178, 80660177,
80660127, 80660028, 80660038, 80660037, 80660181, 80660010, 80660009, 80660134, 80660036, 80660035, 80660032, 80660031, 80660138,
80660019, 80660172, 80660133, 80660029, 80660027, 80660208, 80660143, 80660034, 80660175, 80660033, 80660025, 80660020, 80660040,
80660030, 80660014, 80660214, 80660171, 80660024, 80660179, 80660017, 80660174, 80660016, 80660018, 80660241, 80660139, 80660231,
80660206, 80660166, 80660161, 80660162, 80660165, 80660167, 80660126, 80660130, 80660044, 80660045, 80660128, 80660042, 80660047,
80660048, 80660043, 80660163, 40650023, 40650016, 40650038, 40650026, 40650027, 40650024, 40650003, 40650028, 40650031, 40650022,
40650045, 40650020, 40650025, 40650005, 40650021, 40650029, 40650030, 40650044, 40650032, 70630010, 40650041, 40650007, 40650008,
40650043, 40650010, 40650011, 40650009, 40650012, 40650013, 40650036, 40650033, 40650001, 40650039, 40650035, 40650019, 40650004,
40650034, 40650014, 40650037, 80650012, 40650040, 40710024, 40710010, 40710007, 40710011, 40710008, 40710032, 40710002, 40710030,
40710029, 40710025, 80550022, 40710009, 40710001, 40710004, 40710034, 40710022, 40710014, 40680012, 40680011, 40680013, 40680005,
40680006, 40680004, 40680009, 40680023, 40680028, 40680014, 40680001, 40680020, 40680002, 40680029, 40640014, 40640016, 40640039,
40640002, 40640018, 40640035, 40640017, 40640023, 40640001, 40640006, 40640032, 40640028, 40640030, 40640003, 40640004, 40640040,
40640042, 40640010, 40640013, 40640033, 40640038, 40640034, 40640012, 40640036, 40640031, 40640025, 40640024, 40640021, 40640007,
40640026, 40640027, 40640015, 40640005, 40630070, 40630025, 40630063, 40630109, 40630115, 40630022, 40630054, 40630099, 40630110,
40630084, 40630118, 40630009, 40630010, 40630083, 40630106, 40630012, 40630048, 40630073, 40630065, 40630060, 40630013, 40630098,
40630055, 40630007, 40630011, 40630092, 40630053, 40630021, 40630089, 40630113, 40630119, 40630057, 40630023, 40630100, 40630081,
40630008, 40630067, 40630104, 40630066, 40630014, 40630052, 40630058, 40630080, 40630075, 40630123, 40630018, 40630068, 40630016,
40630102, 40630114, 40630020, 40630103, 40630032, 40630031, 40630077, 40630122, 40630027, 40630046, 40630082, 40630074, 40630003,
40630001, 40630062, 40630005, 40630047, 40630030, 40630069, 40630015, 40630064, 40630017, 40630087, 40630097, 40630078, 40630026,
40630028, 40630034, 40630036, 40630039, 40630040, 40630035, 40630050, 40630038, 40630006, 40630086, 40630094, 40630061, 80540122,
40630095, 80540220, 40630004, 40630071, 40630072, 40630093, 40630045, 40630085, 40630107, 40630079, 40630090, 40630076, 40630002,
40630019, 40630108, 40630101, 40630024, 40630033, 40630049, 40630105, 40630096, 40630042, 70600025, 40630041, 70600032, 70600023,
70600020, 70600026, 70600027, 70600024, 70600022, 40630043, 40610059, 40610050, 40610052, 40610049, 40610048, 40610075, 40610023,
40610029, 40610077, 40610037, 40610012, 40610076, 40610078, 40610038, 40610026, 40610005, 40610024, 40610072, 40610047, 40610007,
40610011, 40610044, 40610009, 40610021, 40610022, 40610020, 40610019, 40610017, 40610010, 40610025, 40610027, 40610054, 40610015,
40610030, 40610031, 40610057, 40610001, 40610008, 40610006, 40610065, 60610010, 40610032, 40610071, 40610051, 40610016, 40610058,
40610013, 40610033, 40610018, 40610069, 40610062, 40610060, 40610035, 40610068, 40610070, 80660148, 80660123, 80660122, 80660120,
80660071, 80660121, 80660067, 80660078, 80660074, 80660076, 80660153, 80660070, 80660069, 80660154, 80660155, 80660146, 80660144,
80660202, 80660147, 80660066, 80660073, 80660075, 80660150, 80660204, 80660072, 80660152, 80660049, 80660050, 80660051, 80660054,
80660052, 80660053, 80660055, 80660149, 80660068, 80660077, 80660151, 70720017, 70720022, 70720038, 70720035, 70720013, 70720015,
70720011, 70720010, 70720016, 70720003, 70720014, 70720007, 70720023, 70720056, 70720046, 70720043, 70720044, 70720045, 70720019,
70720021, 70720031, 70720029, 70720032, 70720036, 70720037, 70720028, 70720048, 70720018, 70720020, 70720049, 70720053, 70720008,
70720005, 70720006, 70720001, 70720051, 70720009, 70720004, 70720030, 70720052, 70720025, 70720026, 70720034, 70720033, 70720027,
70720024, 70720047, 70720002, 70690016, 70690018, 70690017, 70690020, 70690019, 70690035, 70690032, 70690002, 70690031, 70690023,
70690039, 70690034, 70690038, 70690037, 70690022, 70690025, 70690036, 70690024, 70690021, 70690026, 70690027, 80580031, 70690028,
70690005, 70690015, 70690010, 70690003, 70690009, 70690014, 70690030, 70690012, 70690007, 70690033, 70690029, 70690011, 70690013,
70690004, 70690008, 70690006, 70690001, 70710004, 70710073, 20710011, 20710013, 70710005, 20710009, 20710014, 70710008, 70710009,
70710057, 70710010, 70710011, 70710075, 70710006, 70710024, 20710003, 70710002, 70710001, 70710018, 70710020, 70710019, 70710028,
70710015, 70710025, 70710076, 70710029, 70710017, 70710027, 70710007, 70710013, 70710044, 70710045, 70710042, 70710041, 70710039,
70710031, 70710032, 70710077, 70710054, 20710006, 70710067, 70710068, 70710074, 20710015, 20710007, 70710033, 70710053, 70710034,
70710046, 70710069, 20710002, 70710037, 70710051, 70710023, 70710047, 70710026, 70710014, 70710058, 70710012, 70710050, 70710049,
70710065, 70710066, 70550006, 70550002, 70550008, 70550007, 70550001, 70600036, 70600009, 70600005, 70600010, 70600037, 70600003,
70600001, 70600004, 70600041, 70600007, 70600019, 70600033, 70600039, 70600016, 70600031, 70600043, 70600006, 70600014, 70600013,
70600008, 70600012, 70600015, 70600042, 70600021, 70600011, 70600035, 70600018, 70600002, 70600030, 80580033, 70580003, 80580036,
80580035, 80580034, 80580032, 80580037, 80580039, 80580040, 80580038, 70680118, 70680002, 70680004, 70680003, 70680001, 70680100,
70680040, 70680072, 70680016, 70680006, 70680010, 70680037, 70680044, 70680036, 70680013, 70680009, 70680014, 70680038, 70680012,
70680098, 70680039, 70680042, 70680116, 70680117, 30680006, 70680043, 70680115, 70680025, 70680017, 70680007, 70680067, 70680021,
70680111, 70680018, 70680065, 70680019, 70680011, 70680015, 70680041, 70680112, 70680005, 70680120, 70660006, 70660007, 70660020,
70660021, 70660018, 70660022, 70660019, 70660004, 70660003, 70660014, 70660012, 70660013, 70660010, 70660023, 70660001, 70660005,
70660009, 70660008, 70660015, 70660016, 70660011, 70660017, 70630032, 70630060, 70630067, 70630070, 70630056, 70630065, 70630023,
80630037, 70630008, 70630018, 70630054, 70630006, 70630021, 70630022, 70630011, 70630020, 70630026, 70630027, 70630037, 70630028,
70630069, 70630004, 70630031, 70630034, 70630002, 70630001, 70630062, 70630035, 70630014, 70630049, 70630051, 70630038, 70630053,
70630045, 70630040, 70630003, 70630030, 70630061, 70630052, 70630063, 70630050, 70630005, 70630044, 70630016, 70630017, 70630007,
70630055, 70630015, 70630057, 70630009, 70630064, 70630047, 70630068, 70630066, 70630046, 70630025, 70620052, 70620004, 70620003,
70620017, 70620016, 70620021, 70620023, 70620013, 70620001, 70620014, 70620018, 70620043, 70620072, 70620047, 70620019, 70620045,
70620040, 70620044, 70620046, 70620057, 70620011, 70620055, 70620054, 70620024, 70620022, 70620005, 70620025, 70620084, 70620051,
70620029, 70620062, 70620009, 70620032, 70620034, 70620007, 70620037, 70620050, 70620082, 70620027, 70620058, 70620079, 70620085,
70620081, 70620086, 70620008, 70620038, 70620031, 70620064, 70620071, 70620060, 70620041, 70620048, 70620068, 70620010, 70620049,
70620078, 70620036, 70620028, 70620026, 70620033, 70620030, 70620053, 60730004, 60730001, 60730028, 60730026, 60730025, 60730031,
60730021, 60730049, 60730019, 60730022, 60730023, 60730037, 60730016, 60730027, 60730024, 60730018, 60730017, 60730044, 60730014,
60730015, 60730003, 60730008, 60730010, 60730005, 70730044, 60730009, 60730006, 60730032, 60730042, 60730007, 70730056, 60730050,
60730012, 60730046, 60730011, 60730043, 60730002, 70700040, 70700007, 60700033, 70700005, 70700004, 70700006, 70700059, 70700060,
70700063, 70700056, 70700045, 70700058, 70700049, 70700050, 70700051, 70700047, 70700046, 70700048, 80580021, 70700057, 70700053,
70700052, 70700055, 70700054, 70700008, 60700054, 70700016, 70700072, 70700017, 70700019, 60700055, 60700035, 60700001, 70700075,
70700011, 70700020, 70700061, 70700003, 70700018, 70700064, 70700010, 70700065, 70700039, 70700037, 70700036, 70700066, 70700043,
70700042, 70700033, 70700038, 70700035, 70700001, 70700044, 70700041, 70700024, 70700028, 70700025, 70700027, 70700026, 70700023,
70700022, 70700002, 70700032, 70700012, 80700034, 70700029, 80700033, 70700021, 70700031, 80700115, 70700009, 70700013, 60700051,
60700032, 70560024, 70560015, 70560016, 70560002, 70560014, 70560010, 70560028, 70560008, 70560001, 70560022, 70560009, 80560021,
70560011, 70560033, 70560004, 80560022, 70560023, 80560010, 70560026, 70560017, 70560029, 70560012, 70560005, 70560031, 70560006,
80560044, 70560018, 70560020, 70670004, 70670026, 70670027, 70670031, 70670003, 70670028, 70670008, 70670009, 70670010, 70670011,
70670006, 70670013, 70670012, 70670024, 70670019, 70670017, 70670025, 70670018, 70670030, 70670016, 70670023, 70670014, 70670020,
70670001, 70670015, 70670005, 70670002, 70670022, 70670007, 70640013, 70640007, 70640028, 70640008, 70640017, 70640018, 70640016,
70640015, 70640010, 70640012, 70640003, 70640001, 70640002, 70640026, 70640006, 70640005, 70640011, 70640009, 70640019, 80590015,
70590018, 80590005, 80590006, 70590017, 80590008, 80590004, 80590003, 70590023, 80590012, 70590030, 70590025, 70590021, 70590007,
70590026, 70590020, 80590018, 80590010, 80590001, 70590024, 70590022, 80590002, 80590007, 80590009, 80590014, 70570016, 70570014,
70570009, 70570001, 70570002, 70570013, 70570005, 70570006, 70570015, 70570007, 70570003, 70570017, 70570012, 70570004, 70570018,
70570008, 70570011, 70570010, 70650009, 70650019, 70650021, 70650034, 70650037, 70650042, 70650013, 70650020, 70650014, 70650018,
70650016, 70650017, 70650044, 70650035, 70650043, 40650017, 70650023, 70650040, 70650033, 70650022, 70650038, 60730020, 70650036,
70650041, 70650005, 70650010, 70650011, 70650025, 70650049, 70650006, 70650027, 70650028, 70650026, 70650030, 70650012, 70650050,
70650008, 70650031, 70650032, 70650053, 70650051, 70650024, 70650015, 70650007, 80650004, 70650047, 70650001, 70650002, 70650039,
70650048, 70650003, 70650004, 70610011, 70610017, 70610025, 70610018, 70610003, 70610039, 70610040, 70610022, 70610029, 70610012,
70610042, 70610035, 70610016, 70610043, 70610033, 70610028, 70610001, 70610027, 70610019, 70610041, 70610031, 70610006, 70610004,
70610024, 70610030, 70610021, 70610010, 70610015, 70610023, 70610020, 70610009, 70610005, 70610034, 30610001, 60610012, 30610019,
20610001, 20610002, 30610017, 70680023, 70680083, 70680082, 70680053, 70680051, 20680005, 70680029, 70680035, 70680027, 70680031,
70680034, 70680022, 70680052, 70680057, 70680055, 70680056, 70680030, 20680001, 70680084, 70680024, 20680004, 20680002, 70680105,
70680026, 20710016, 60660037, 60660029, 60660022, 60660040, 60660027, 60660045, 60660028, 60660041, 60660043, 60660038, 60660033,
60660032, 60660035, 60660030, 60660034, 60660031, 60660050, 60660036, 60660042, 60660044, 60660001, 30610002, 30610004, 30610025,
30610012, 30610013, 30610023, 30610015, 30610007, 30610010, 30610020, 30610009, 30610011, 30610021, 30610003, 30610024, 30610005,
30610006, 80660116, 80660079, 80660082, 80660157, 80660084, 80660057, 80660098, 80660099, 80660093, 80660112, 80660063, 80660062,
80660086, 80660087, 80660085, 80660105, 80660104, 80660088, 80660081, 80660080, 80660115, 80660117, 80660108, 80660059, 80660106,
80660111, 80660107, 80660102, 80660103, 80660118, 80660060, 80660097, 80660182, 80660119, 80660065, 80660160, 80660158, 80660159,
80660183, 80660096, 80660094, 80660091, 80660092, 80660058, 80660184, 80660101, 80660110, 80660100, 80660083, 80660114, 80660113,
30680009, 30680021, 30680015, 30680003, 30680004, 30680007, 30680020, 30680002, 30680001, 30680012, 30680022, 30680010, 30680024,
30680014, 60640011, 30640002, 60640012, 30640001, 60640007, 60640014, 60640028, 60640009, 60640008, 80710046, 80710047, 30710002,
80710049, 80710045, 80710048, 50730005, 50730035, 50730016, 50730006, 50730047, 50730026, 50730048, 50730024, 50730018, 50730028,
50730011, 50730039, 50730046, 50730052, 50730015, 50730042, 50730049, 50730051, 50730050, 50730017, 50730002, 50730019, 50730012,
50730009, 50730044, 50730025, 50730043, 50730055, 50730033, 50730037, 50730007, 50730003, 50730010, 50730020, 50730027, 50730021,
50730023, 50730022, 50730004, 50730001, 50730014, 50730013, 50730029, 50730054, 50730040, 50730053, 60690021, 60690006, 60690005,
60690010, 60690003, 60690007, 60690002, 60690018, 60690022, 60690019, 60690009, 60690016, 60690017, 60690001, 60690012, 60690023,
60690014, 60690004, 60690008, 60610036, 60610032, 60610038, 60610031, 60610013, 60610015, 60610022, 60610025, 60610027, 60610044,
60610016, 60610009, 60610040, 60610026, 60610017, 60610007, 60610019, 60610001, 60610043, 60610023, 60610020, 60610004, 60610006,
60610005, 60610003, 60610002, 60610039, 60610042, 60610029, 60610041, 60610028, 60610037, 60610008, 60610021, 60620061, 60620041,
60620090, 60620003, 60620002, 60620092, 60620036, 60620085, 60620089, 60620101, 60620016, 60620086, 60620033, 60620032, 60620015,
60620034, 60620091, 60620039, 80620055, 60620038, 60620037, 60620006, 60620005, 60620007, 60620004, 60620025, 60620026, 60620027,
60620096, 60620071, 60620023, 60620021, 60620030, 60620031, 60620024, 60620102, 60620018, 60620020, 60620017, 60620062, 60620051,
60620060, 60620042, 50620006, 60620087, 60620009, 60620029, 60620028, 60620040, 60620011, 60620064, 60620001, 60640040, 60640025,
60640035, 60640005, 60640042, 60640001, 60640006, 60640026, 60640023, 60640027, 60640039, 60640041, 60640033, 60640003, 60640047,
60640004, 60640020, 60640018, 60640029, 60640030, 60640037, 60640043, 60640017, 60640032, 60640024, 60640031, 60640015, 60640044,
60640036, 60710032, 60710031, 60710057, 60710048, 60710047, 60710027, 60710028, 60710026, 60710060, 60710001, 60710010, 60710005,
60710008, 60710007, 60710040, 60710045, 60710038, 60710037, 60710042, 60710061, 60710041, 60710043, 60710002, 60710015, 60710039,
60710013, 60710003, 60710004, 60710035, 60710059, 60710017, 60710019, 60710018, 60710014, 60710022, 60710021, 60710020, 60710067,
60710012, 60710056, 60710029, 60710036, 60710065, 60710054, 60710033, 60710030, 60710055, 60710050, 60710044, 60710052, 60710064,
60710046, 60710051, 60710034, 80560034, 60560001, 80560040, 80560039, 80560032, 80560036, 80560035, 80560038, 60700039, 60700011,
60700064, 60700010, 60700013, 60700014, 60700057, 60700022, 60700038, 60700009, 60700056, 60700012, 60700031, 60700020, 60700063,
60700026, 60700060, 60700052, 60700021, 60700070, 60700005, 60700065, 60700062, 60700061, 60700040, 60700006, 60700027, 60700049,
60700048, 60700041, 60700053, 60700019, 60700045, 60700042, 60700007, 60700036, 60700066, 60700069, 60700072, 60700037, 60700025,
60700008, 60700067, 60700050, 60700044, 60700046, 80700078, 60700047, 60700043, 60700029, 60700015, 60700002, 60700024, 60700023,
60700028, 60700071, 60700017, 60700016, 60680029, 60680037, 60680015, 60680013, 60680043, 60680041, 60680022, 60680020, 60680021,
60680014, 60680024, 60680016, 60680017, 60680028, 60680045, 60680019, 60680027, 60680044, 60680036, 60680035, 60680018, 60680012,
60680031, 60680011, 60680030, 60680038, 60680025, 60660055, 60660008, 60660026, 60660024, 60660025, 60660020, 60660019, 60660005,
60660011, 60660007, 60660051, 60660014, 60660016, 60660015, 60660049, 60660006, 60660009, 60660010, 60660018, 60660023, 60660047,
60660012, 60660017, 60660048, 60660002, 60660046, 60660003, 60660021, 60570001, 60570007, 60570006, 60570003, 60570004, 60570005,
60570002, 60650034, 60650018, 60650007, 60650037, 60650013, 60650014, 60650024, 60650027, 60650015, 60650008, 60650033, 60650025,
60650006, 60650019, 60650017, 60650020, 60650026, 60650009, 80650042, 60650010, 80650039, 60650003, 60650011, 60650001, 60650012,
60650004, 60650023, 60650016, 60650038, 60630021, 60630003, 60630022, 60630017, 60630002, 60630006, 60630008, 60630025, 60630009,
60630007, 60630010, 60630001, 60630005, 60630019, 60630023, 80630025, 60630013, 60630015, 60630004, 60630012, 80730564, 80730255,
80730409, 80730411, 80730357, 80730699, 80730221, 80730809, 80730566, 80730763, 80730898, 80730001, 80730570, 80730236, 80730052,
80730361, 80730352, 80730434, 80730511, 80730143, 80730141, 80730329, 80730479, 80730637, 80730499, 80730495, 80730490, 80730494,
80730149, 80730557, 80730651, 80730507, 80730668, 80730058, 80730242, 80730440, 80730681, 80730757, 80730384, 80730784, 80730665,
80730782, 80730700, 80730789, 80730351, 80730540, 80730645, 80730662, 80730542, 80730374, 80730388, 80730577, 80730475, 80730545,
80730714, 80730746, 80730716, 80730778, 80730721, 80730750, 80730766, 80730754, 80730767, 80730748, 80730706, 80730727, 80730707,
80730722, 80730705, 80730747, 80730799, 80730720, 80730808, 80730710, 80730667, 80730740, 80730493, 80730366, 80730470, 80730558,
80730568, 80730212, 80730215, 80730486, 80730506, 80730190, 80730301, 80730417, 80730016, 80730018, 80730111, 80730629, 80730181,
80730225, 80730011, 80730155, 80730196, 80730195, 80730063, 80730061, 80730168, 80730038, 80730128, 80730034, 80730115, 80730138,
80730401, 80730235, 80730419, 80730437, 80730422, 80730276, 80730348, 80730241, 80730565, 80730444, 80730426, 80730130, 80730457,
80730569, 80730355, 80730703, 80730742, 80730717, 80730711, 80730760, 80730773, 80730504, 80730806, 80730737, 80730523, 80730204,
80730272, 80730096, 80730269, 80730039, 80730059, 80730310, 80730054, 80730534, 80730530, 80730538, 80730709, 80730514, 80730381,
80730793, 80730512, 50610018, 50640073, 50640057, 50640058, 50640077, 50640075, 50640072, 50640022, 50640026, 50640031, 50640086,
50640015, 50640056, 50640038, 50640008, 50640063, 50640076, 50640046, 50640005, 50660003, 40730310, 40730330, 40730355, 40730300,
40730291, 40730299, 40730302, 40730306, 40730311, 40730333, 40730345, 40730494, 80730701, 40730377, 40730378, 40730414, 40730416,
40730052, 40730356, 40730270, 40730352, 40730349, 40730331, 40730297, 40730145, 40730406, 40730405, 40730274, 40730486, 40730407,
40730279, 40730269, 40730277, 40730264, 40730287, 40730289, 40730278, 40730381, 40730351, 40730041, 40730304, 40730012, 40730087,
80730820, 40730219, 40730332, 40730340, 40730343, 40730350, 40730564, 40730531, 40730561, 40730382, 40730383, 40730384, 40730387,
40730409, 40730480, 40730347, 40730348, 40730361, 40730288, 40730364, 40730360, 40730359, 40730455, 40730386, 40730379, 40730371,
50630065, 70680107, 50630052, 50630054, 50630007, 50630040, 50630016, 50630051, 50630058, 50630034, 50630053, 50620004, 50620017,
60680005, 60620053, 80540138, 80540113, 40730055, 40730022, 60620057, 40730281, 50640020, 60620094, 40730411, 10710029, 10710034,
80710016, 10710026, 10710003, 70680071, 70680090, 70680059, 70680062, 70680092, 70680087, 70680113, 70680046, 80720119, 80720213,
80720146, 80720070, 80720202, 80720074, 80720205, 80720094, 80720093, 80720203, 80720206, 80720091, 80720204, 80720077, 80670042,
80670007, 80670064, 80670065, 80670025, 80670051, 80670034, 80670087, 80670040, 80670086, 80670062, 80540076, 80540176, 80540047,
80540183, 80540063, 80540059, 80540237, 80540210, 80540219, 80540172, 80540236, 80540235, 80540178, 80540058, 80540252, 80540117,
80540031, 80540050, 80540108, 80540055, 80540004, 80540171, 80540145, 80540144, 80540167, 80540164, 70680108, 70680061, 80540196,
80540071, 80540120, 80540094, 80540230, 80540240, 80540179, 80540242, 80540149, 80540211, 80580057, 80580055, 80580004, 80580023,
80630040, 80630042, 80690050, 80690041, 80690044, 40680021, 80690021, 80690024, 80690031, 80570043, 80570018, 80710055, 80710053,
80600047, 80600020, 80640096, 80640077, 80640012, 80640092, 80640097, 80640100, 80640008, 80640050, 80640051, 80640022, 80640014,
80640028, 80640027, 80590047, 80590046, 80590028, 80590043, 80590042, 70590008, 80590036, 80650028, 80650043, 80650027, 80650048,
70730041, 70730058, 80620048, 80620065, 80620004, 80620069, 60620059, 80620024, 80620025, 80620070, 80700056, 80700075, 80700014,
80700048, 70700071, 80700112, 80560018, 80560026, 80610023, 80610041, 80610074, 80610061, 80610072, 80610018, 80610016, 80610071,
80610062, 80610064, 80610034, 80610063, 80610017, 80680078, 80680057, 40680026, 80680064, 80680065, 80680077, 80680026, 80680022,
80680023, 80680019, 70680064, 80680018, 80660012, 80660190, 80660164, 80660046, 80660124, 80660176, 40650046, 40710005, 40710027,
40680003, 40640011, 40640037, 40640008, 40640022, 40640029, 40630059, 40630056, 40630088, 40630091, 40610056, 40610053, 40610055,
40610061, 70720054, 70720012, 70720050, 70710021, 70710055, 70710030, 70710052, 70600028, 30680019, 70680114, 70680066, 70680020,
70630033, 70630041, 70630048, 70620042, 70620077, 70620061, 70620035, 70620039, 70620020, 70620074, 60730013, 60730045, 60730030,
70700030, 70700070, 70700034, 80700037, 70700015, 70560019, 70560013, 70560003, 70640023, 70640020, 70640021, 70650029, 70650052,
70610002, 70610008, 70610014, 70680032, 70680008, 30610014, 80660109, 80660061, 80660090, 80660089, 30680016, 60640010, 50730031,
50730036, 60690011, 60690015, 60690013, 60610011, 60620052, 80620071, 60620093, 60620049, 60640038, 60640034, 60710006, 60710023,
60710025, 60710049, 60710016, 60710053, 60710066, 60710024, 80560033, 80560037, 60700058, 60700068, 60700018, 60700030, 60680042,
60680039, 60660004, 60630014, 80730300
]

COCHABAMBA=[
50870054, 50870050, 50870070, 50950042, 50900038, 50900039, 50900048, 80970088, 80970093, 80940033, 80930077, 80930053, 80930067,
80930083, 80930062, 80930076, 80930055, 80930075, 80930057, 80930073, 80930058, 80930048, 80930063, 80930078, 80930068, 80930056,
80930046, 80930040, 80930066, 80930071, 80930060, 80930044, 80930064, 80930070, 80930072, 80930059, 80930037, 80930069, 80930045,
80930038, 80930042, 80930043, 80930061, 80930054, 80930074, 80930065, 80930051, 80920048, 80910034, 80980444, 80980485, 80980516,
80980500, 80980499, 80980482, 80980456, 80980445, 80980320, 80980491, 80980492, 80980489, 80980501, 80980523, 80980026, 80980488,
80980450, 80980486, 80980319, 80980509, 80980442, 80980451, 80980585, 80980484, 80980567, 80980626, 80980580, 80980493, 80980521,
80980443, 80980321, 80980569, 80980498, 80980483, 80980538, 80980650, 80980471, 80980449, 80980481, 80960094, 80960115, 80860152,
80860157, 80860154, 80850048, 80850066, 80850045, 80850055, 80900092, 80900103, 80900075, 80900093, 80900073, 80900094, 80890118,
80890179, 80890121, 80890119, 80890123, 80880173, 80880175, 80880174, 80950059, 80950053, 80830075, 80830069, 80830070, 80830085,
80830081, 80830103, 80830080, 80830082, 80830076, 80870082, 40900026, 90990001, 40900016, 40900023, 40870095, 40870123, 40870096,
40870116, 40870094, 70950070, 70950044, 70950069, 70950064, 70950063, 70950055, 70950054, 70950073, 70950066, 70950061, 70950059,
70950065, 70950004, 70950067, 70950057, 70950062, 70950071, 70950058, 70950045, 70950074, 70950072, 70950038, 70890036, 70890030,
70960135, 70970021, 70870092, 70920020, 70900072, 70930096, 70930095, 70940038, 70860071, 70850019, 30870001, 60860005, 60950028,
60970031, 60970038, 60870052, 60850031, 60900051, 60910011, 60890174, 60890173, 60890171, 60890230, 60890207, 60890172, 80840050,
80980420, 80980582, 80980581, 80980526, 80860149, 80860106, 80850046, 70950037, 60900055, 50870072, 50900044, 50900059, 80970096,
80940035, 80920050, 80910035, 80980490, 80980448, 80980446, 80980305, 80980642, 80980447, 80980579, 80980487, 80980643, 80980495,
80850047, 80900115, 80900074, 80890117, 80880178, 80950057, 80830091, 80830097, 40900029, 40870115, 70890048, 70900082, 70930101,
70940039, 30870012, 30870013, 60950025, 60850035, 60900063, 60890204, 80850056, 40900019, 50870056, 50870065, 50870035, 50870053,
50870001, 50870071, 50870038, 50870024, 50870022, 50870023, 50870016, 50870021, 50870015, 50870064, 50870047, 50870026, 50870051,
50870020, 50870052, 50870055, 50870009, 50870011, 50870031, 50870019, 50870006, 50870059, 50870066, 50870044, 50870027, 50870025,
50870017, 50870036, 50870013, 50870012, 50870010, 50870037, 50870057, 50870041, 50870060, 50870073, 50870040, 50870046, 50870045,
50870003, 50870068, 50870067, 50870058, 50870008, 50870048, 50950020, 50950035, 50950001, 50950029, 50950018, 50950004, 50950011,
50950022, 50950021, 50950010, 50950032, 50950027, 50950028, 50950014, 50950026, 50950034, 50950013, 50950007, 50950003, 50950002,
50950017, 50950015, 50950016, 50950037, 50950039, 50950038, 50950008, 40850008, 50850001, 50900058, 70900004, 50900011, 50900014,
70900049, 80900050, 50900050, 50900065, 50900041, 50900060, 50900040, 50900028, 50900027, 50900031, 50900052, 50900032, 50900002,
50900057, 50900042, 50900055, 50900033, 50900003, 50900047, 50900001, 50900005, 50900066, 50900004, 50900006, 50900021, 50900024,
50900026, 50900051, 50900017, 50900008, 50900012, 80900091, 50900063, 50900009, 50900020, 50900018, 50900015, 50900007, 50900013,
50900049, 50900064, 50900010, 50900056, 50900062, 50900019, 70900040, 70900035, 50900054, 50900053, 80970050, 80970018, 80970051,
80970084, 80970076, 80970014, 80970012, 80970011, 80970033, 80970032, 80970008, 80970046, 80970028, 80970007, 80970021, 80970087,
80970075, 80970041, 80970029, 80970013, 80970063, 80970030, 80970064, 80970015, 80970065, 80970043, 80970037, 80970045, 80970058,
80970052, 80970053, 80970009, 80970057, 80970085, 80970061, 80970099, 80970023, 80970049, 80970068, 80970071, 80970066, 80970074,
80970016, 80970073, 80970035, 80970017, 80970004, 80970095, 80970067, 80970036, 80970069, 80970047, 80970094, 80970070, 80970072,
80970092, 80970048, 80970098, 80970022, 80970005, 80970002, 80970026, 80970010, 80970038, 80970044, 80970001, 80970006, 80970019,
80970025, 80970097, 80970062, 80970040, 80970027, 80940003, 80940004, 80940006, 80940011, 80940007, 80940001, 80940024, 80940012,
80940005, 80940029, 80940009, 70940010, 80940010, 80940032, 80940034, 80940016, 80940014, 80940019, 80940021, 80940022, 80830059,
80940031, 80940018, 80940027, 80940020, 80940002, 80930025, 80930016, 80930004, 80930082, 80930020, 80930017, 80930084, 80930013,
80930001, 70930064, 80930027, 70930052, 80930034, 80930012, 80930022, 80930080, 70930056, 70930055, 70930046, 70930069, 70930013,
80930024, 80930028, 80930015, 80930029, 80930026, 80930008, 70930001, 80930032, 80930021, 80930030, 80930085, 80930052, 80930011,
80930079, 70930023, 70930063, 80930007, 80930002, 80930033, 80930081, 80930035, 80840027, 80840011, 80840031, 80840017, 80840049,
80840006, 80840026, 80840055, 80840009, 80840053, 80840014, 80840016, 80840048, 80840002, 70930058, 80840058, 80840001, 80840019,
80840057, 80840004, 80840056, 80840005, 80840021, 80840023, 80840020, 80840024, 80840025, 80840036, 80840012, 80920023, 80920034,
80920049, 80920033, 80920005, 80920001, 80920010, 80920032, 80920039, 80920011, 80920016, 80920026, 80920024, 80920041, 80920053,
80920013, 80920046, 80920014, 80920031, 80920004, 80920020, 80920030, 80920052, 80920019, 80920006, 80920035, 80920037, 80920036,
80920051, 80920054, 80920055, 80920047, 80910029, 80910010, 80910024, 80910009, 80910014, 80910015, 80910031, 80910019, 80910006,
80910004, 80910030, 80910011, 80910001, 80910025, 80910002, 80910003, 80910018, 80910007, 80910017, 80910016, 80910012, 80910023,
80910005, 80980640, 80980458, 80980682, 80980393, 80980105, 80980104, 80980202, 80980599, 80980201, 80980084, 80980124, 80980655,
80980600, 80980176, 80980175, 80980683, 80980392, 80980017, 80980097, 80980098, 80980332, 80980414, 80980245, 80980244, 80980058,
80980278, 80980059, 80980641, 80980630, 80980195, 80980294, 80980680, 80980596, 80980113, 80980686, 80980696, 80980697, 80980542,
80980687, 80980340, 80980688, 80980342, 80980002, 80980672, 80980673, 80980388, 80980693, 80980644, 80980645, 80980689, 80980138,
80980289, 80980264, 80980139, 80980551, 80980180, 80980690, 80980691, 80980314, 80980290, 80980001, 80980678, 80980656, 80980389,
80980647, 80980648, 80980649, 80980543, 80980591, 80980218, 80980016, 80980225, 80980118, 80980072, 80980395, 80980020, 80980018,
80980409, 80980433, 80980583, 80980479, 80980277, 80980539, 80980454, 80980457, 80980424, 80980544, 80980474, 80980507, 80980685,
80980525, 80980540, 80980568, 80980586, 80980601, 80980093, 80980090, 80980092, 80980577, 80980406, 80980475, 80980432, 80980196,
80980352, 80980271, 80980038, 80980594, 80980595, 80980695, 80980076, 80980597, 80980045, 80980405, 80980257, 80980452, 80980400,
80980654, 80980465, 80980497, 80980286, 80980287, 80980266, 80980265, 80980100, 80980101, 80980311, 80980295, 80980283, 80980593,
80980226, 80980584, 80980075, 80980313, 80980302, 80980220, 80980374, 80980285, 80980003, 80980255, 80980169, 80980559, 80980173,
80980174, 80980494, 80980477, 80980535, 80980646, 80980256, 80980398, 80980651, 80980333, 80980562, 80980652, 80980231, 80980308,
80980232, 80980234, 80980653, 80980378, 80980116, 80980115, 80980106, 80980107, 80980228, 80980227, 80980069, 80980068, 80980426,
80980150, 80980151, 80980108, 80980411, 80980300, 80980052, 80980050, 80980384, 80980011, 80980119, 80980121, 80980120, 80980179,
80980191, 80980189, 80980183, 80980182, 80980071, 80980239, 80980288, 80980035, 80980034, 80980241, 80980102, 80980103, 80980025,
80980027, 80980229, 80980230, 80980156, 80980155, 80980362, 80980163, 80980162, 80980216, 80980261, 80980217, 80980215, 80980590,
80980505, 80980592, 80980258, 80980522, 80980268, 80980111, 80980087, 80980306, 80980089, 80980088, 80980099, 80980184, 80980198,
80980036, 80980145, 80980146, 80980262, 80980263, 80980042, 80980404, 80980369, 80980208, 80980148, 80980147, 80980431, 80980168,
80980029, 80980023, 80980006, 80980212, 80980213, 80980028, 80980125, 80980296, 80980166, 80980167, 80980007, 80980259, 80980140,
80980141, 80980085, 80980083, 80980297, 80980012, 80980039, 80980142, 80980144, 80980193, 80980194, 80980192, 80980185, 80980187,
80980322, 80980366, 80980390, 80980327, 80980328, 80980341, 80980370, 80980382, 80980416, 80980337, 80980350, 80980355, 80980368,
80980365, 80980329, 80980381, 80980346, 80980391, 80980351, 80980415, 80980367, 80980247, 80980253, 80980251, 80980252, 80980270,
80980419, 80980379, 80980338, 80980336, 80980324, 80980353, 80980421, 80980547, 80980233, 80980553, 80980508, 80980555, 80980014,
80980570, 80980402, 80980429, 80980480, 80980129, 80980587, 80980436, 80980312, 80980463, 80980425, 80980117, 80980401, 80980534,
80980371, 80980438, 80980527, 80980528, 80980468, 80980512, 80980563, 80980455, 80980513, 80980096, 80980564, 80980524, 80980079,
80980080, 80980462, 80980459, 80980464, 80980460, 80980466, 80980032, 80980476, 80980470, 80980472, 80980518, 80980560, 80980510,
80980674, 80980520, 80980515, 80980519, 80980530, 80980502, 80980503, 80980532, 80980504, 80980531, 80980533, 80980565, 80980566,
80980514, 80980517, 80980550, 80980541, 80980536, 80980589, 80980537, 80980558, 80980561, 80980572, 80980571, 80980554, 80980578,
80980009, 80980010, 80980048, 80980046, 80980061, 80980062, 80980301, 80980031, 80980030, 80980057, 80980056, 80980063, 80980064,
80980040, 80980041, 80980143, 80980434, 80980299, 80980109, 80980110, 80980004, 80980552, 80980049, 80980598, 80980078, 80980021,
80980022, 80980200, 80980199, 80980364, 80980496, 80980210, 80980211, 80980209, 80980214, 80980422, 80980549, 80980242, 80980243,
80980248, 80980249, 80980219, 80980573, 80980237, 80980236, 80980137, 80980133, 80980235, 80980077, 80980221, 80980428, 80980250,
80980461, 80980602, 80980310, 80980325, 80980576, 80980224, 80980358, 80980418, 80980273, 80980282, 80980280, 80980044, 80980043,
80980094, 80980095, 80980335, 80980323, 80980128, 80980127, 80980396, 80980024, 80980158, 80980132, 80980345, 80980410, 80980380,
80980160, 80980126, 80980065, 80980015, 80980546, 80980439, 80980279, 80980284, 80980276, 80980207, 80980206, 80980205, 80980334,
80980376, 80960021, 80960082, 80960120, 80960109, 80960081, 80960038, 80960110, 80960037, 80960050, 80960034, 80960036, 80960035,
80960059, 80960033, 80960032, 80960031, 80960015, 80960014, 80960030, 80960009, 80960026, 80960002, 80960083, 80960118, 80960119,
80960095, 80960093, 80960096, 80960022, 80960079, 80960117, 80960112, 80960067, 80960006, 80960025, 80960008, 80960077, 80960058,
80960023, 80960041, 80960048, 80960028, 80960042, 80960044, 80960078, 80960074, 80960073, 80960066, 80960076, 80960101, 80960024,
80960004, 80960072, 80960108, 80960049, 80960098, 80960087, 80960040, 80960051, 80960064, 80960100, 80960055, 80960053, 80960046,
80960043, 80960045, 80960057, 80960088, 80960091, 80960111, 80960113, 80960092, 80960090, 80960114, 80960039, 80960084, 80960068,
80960018, 80960017, 80960075, 80960052, 80960011, 80960005, 80960061, 80960121, 80960060, 80960070, 80960062, 80960003, 80960086,
80960013, 80960097, 80960007, 80960010, 80860048, 80860164, 80860057, 80860027, 80860011, 80860062, 80860109, 80860045, 80860102,
80860112, 80860095, 80860168, 80860061, 80860107, 80860030, 80860063, 80860067, 80860047, 80860005, 80860015, 80860033, 80860035,
80860174, 80860026, 80860163, 80860059, 80860097, 80860031, 80860096, 80860064, 80860052, 80860029, 80860024, 80860156, 80860042,
80860172, 80860007, 80860078, 80860159, 80860040, 80860036, 80860037, 80860039, 80860105, 80860010, 80860004, 80860167, 80860023,
80860162, 80860034, 80860038, 80860069, 80860071, 80860060, 80860043, 80860161, 80860108, 80860072, 80860090, 80860054, 80860016,
80860074, 80860065, 80860044, 80860155, 80860076, 80860104, 80860075, 80860160, 80860028, 80860079, 80860068, 80860151, 80860041,
80860006, 80860158, 80860002, 80860166, 80860051, 80860013, 80860073, 80860056, 80850006, 80850005, 80850011, 80850041, 80850012,
80850057, 80850016, 80850013, 80850035, 80850038, 80850039, 80850040, 80850033, 80850063, 80850024, 80850021, 80850025, 80850027,
80850068, 80850028, 80850029, 80850058, 80850030, 80850031, 80850023, 80850067, 80850007, 80850060, 80850064, 80850009, 80850010,
80850008, 80850004, 80850042, 80850043, 80850014, 80850002, 80850001, 80850053, 80850059, 60900012, 80900004, 80900003, 80900155,
80900039, 80900040, 80900124, 80900020, 80900076, 80900146, 80900071, 80900026, 80900024, 80900023, 80900121, 80900148, 80900120,
80900002, 80900107, 80900118, 80900079, 80900022, 80900021, 80900006, 80900005, 80900069, 80900019, 80900018, 80900136, 80900095,
80900080, 80900088, 80900014, 80900015, 80900104, 80900078, 80900089, 80900116, 80900066, 80900067, 80900070, 80900041, 80900082,
80900081, 80900034, 80900033, 80900008, 80900085, 80900147, 80900087, 80900084, 80900010, 80900068, 80900113, 80900105, 80900109,
80900110, 80900112, 80900128, 80900135, 80900007, 80900141, 80900013, 80900009, 80900037, 80900099, 80900142, 80900016, 80900017,
80900132, 80900044, 80900047, 80900100, 80900125, 80900101, 80900045, 80900151, 80900126, 80900122, 80900056, 80900062, 80900102,
80900072, 80900012, 80900011, 80900127, 80900057, 80900030, 80900032, 80900031, 80900063, 80900064, 80900152, 80900150, 80900053,
80900054, 80900055, 80900156, 80900029, 80900048, 80900059, 80900123, 80900058, 80900114, 80900061, 80900065, 80900119, 80900157,
80900154, 80900001, 80900153, 80900140, 80900106, 80900038, 80900098, 80890135, 80890078, 80890148, 80890168, 80890093, 80890028,
80890110, 80890064, 80890149, 80890173, 80890167, 80890029, 80890112, 80890158, 80890074, 80890001, 80890070, 80890181, 80890184,
80890072, 80890120, 80890104, 80890086, 80890010, 80890041, 80890018, 80890020, 80890140, 80890011, 80890183, 80890144, 80890059,
80890022, 80890023, 80890185, 80890060, 80890146, 80890048, 80890175, 80890019, 80890106, 80890031, 80890091, 80890061, 80890054,
80890055, 80890062, 80890058, 80890035, 80890129, 80890139, 80890114, 80890047, 80890177, 80890095, 80890176, 80890155, 80890037,
80890150, 80890151, 80890153, 80890134, 80890137, 80890133, 80890066, 80890109, 80890026, 80890089, 80890052, 80890141, 80890090,
80890124, 80890036, 80890182, 80890170, 80890032, 80890145, 80890152, 80890169, 80890122, 80890126, 80890166, 80890163, 80890065,
80890056, 80890142, 80890025, 80890040, 80890063, 80890039, 80890021, 80890128, 80890136, 80890131, 80890157, 80890143, 80890138,
80890156, 80890154, 80890164, 80890099, 80890075, 80890085, 80890067, 80890171, 80890147, 80890076, 80890005, 80890087, 80890088,
80890017, 80890003, 80890004, 80890068, 80890002, 80890071, 80890069, 80890073, 80890111, 80890077, 80890100, 80890101, 80890108,
80890080, 80890116, 80890103, 80890125, 80890127, 80890102, 80890130, 80890012, 80890013, 80890006, 80890132, 80890008, 80890009,
80890015, 80890014, 80880064, 80880067, 80880082, 80880171, 80880120, 80880017, 80880107, 80880045, 80880041, 80880043, 80880046,
80880074, 80880038, 80880015, 80880005, 80880006, 80880108, 80880009, 80880010, 80880011, 80880118, 80880031, 80880052, 80880106,
80880058, 80880060, 80880177, 80880061, 80880063, 80880090, 80880069, 80880095, 80880179, 80880098, 80880030, 80880099, 80880053,
80880040, 80880028, 80880121, 80880037, 80880083, 80880070, 80880056, 80880105, 80880004, 80880022, 80880021, 80880020, 80880035,
80880103, 80880057, 80880036, 80880102, 80880027, 80880023, 80880089, 80880068, 80880024, 80880096, 80880018, 80880012, 80880085,
80880091, 80880077, 80880100, 80880122, 80880086, 80880016, 80880008, 80880104, 80880079, 80880032, 80880112, 80880176, 80950010,
80950029, 80950006, 80950003, 80950015, 80950054, 80950030, 80950005, 80950014, 80950017, 80950002, 80950021, 80950028, 80950023,
80950008, 80950026, 80950034, 80950019, 80950020, 80950004, 80950022, 80950012, 80950009, 80950055, 80950027, 80950018, 80830102,
80830007, 80830056, 80830039, 80830017, 80830055, 80830002, 80830057, 80830058, 80830051, 80830033, 80830006, 80830087, 80830012,
80830100, 80830090, 80830027, 80830024, 80830101, 80830063, 80830064, 80830037, 80830025, 80830003, 80830009, 80830019, 80830086,
80830049, 80830034, 80830104, 80830066, 80830093, 80830048, 80830028, 80830094, 80830001, 80830005, 80830073, 80830030, 80830079,
80830032, 80830089, 80830092, 80830078, 60890024, 80830040, 80830041, 80830095, 80830083, 80830042, 80830043, 80830045, 80830072,
80830046, 80830047, 80830062, 80830061, 80830052, 80830053, 80830010, 80830008, 80830011, 80830004, 80830015, 80830016, 80830038,
80830013, 80830035, 80830067, 80830060, 80830020, 80830022, 80830023, 80830054, 80830026, 80830096, 80830021, 80850020, 80870072,
80870006, 80870049, 80870008, 80870027, 80870088, 80870087, 80870079, 80870086, 80870030, 80870042, 80870069, 80870047, 80870080,
80870046, 80870048, 80870023, 80870016, 80870034, 80870078, 80870026, 80870021, 80870037, 80870083, 80870077, 80870081, 80870028,
80870068, 80870063, 80870015, 80870041, 80870025, 80870085, 80870002, 80870035, 80870031, 80870084, 80870009, 80870010, 80870011,
80870073, 80870017, 80870018, 80870024, 40900030, 40900012, 40900031, 40900022, 40900035, 40900009, 40900010, 40900021, 40900005,
40900003, 40900018, 40900032, 40900017, 40900028, 40900020, 40900033, 40900004, 40900011, 40900002, 40900027, 40900007, 40900008,
40900006, 40900025, 40900024, 40850002, 40850012, 40850004, 40850005, 40850006, 40850001, 40850010, 40870018, 40870045, 40870021,
40870102, 40870054, 40870097, 40870085, 40870036, 40870098, 40870063, 40870106, 40870029, 40870028, 40870056, 40870062, 40870048,
40870070, 40870011, 40870119, 40870002, 40870057, 40870055, 40870043, 40870024, 40870117, 40870084, 40870001, 40870082, 50870004,
40870014, 40870032, 40870039, 40870027, 40870120, 40870046, 40870005, 40870050, 40870017, 40870031, 40870013, 40870035, 40870019,
40870022, 40870016, 40870087, 40870064, 40870073, 40870074, 40870023, 40870105, 40870071, 40870107, 40870108, 40870104, 40870111,
40870122, 40870092, 40870113, 40870089, 40870067, 40870068, 40870103, 40870109, 40870110, 40870009, 40870033, 40870020, 70870087,
40870088, 40870100, 40870080, 40870101, 40870059, 40870040, 70870039, 40870041, 40870042, 40870118, 40870012, 40870125, 40870049,
40870066, 40870037, 40870065, 40870004, 40870099, 70950019, 70950051, 70950036, 70950021, 70950009, 70950011, 70950022, 70950032,
70950017, 70950010, 70950015, 70950039, 70950052, 70950014, 70950075, 70950020, 70950046, 70950041, 70950007, 70950005, 70950002,
70950030, 70950016, 50950005, 70950018, 70950012, 70950013, 70950001, 50950024, 50950009, 70950028, 70950027, 70950042, 70950025,
70950040, 70950024, 70950023, 70950048, 70890019, 70890006, 70890020, 70890033, 70890041, 70890011, 70890003, 70890038, 70890047,
70890042, 70890044, 70890015, 70890046, 70890008, 70890025, 70890039, 70890045, 60890098, 70890018, 70890040, 70890043, 70890035,
70890013, 60890099, 70890024, 70890022, 70890023, 70890034, 70890031, 70890002, 70890021, 70890010, 70890005, 60890026, 70890012,
70960054, 70960097, 70960076, 70960070, 70960026, 70960002, 70960079, 70960075, 70960104, 70960067, 70960062, 70960060, 70960058,
70960015, 70960036, 70960055, 70960064, 70960005, 70960003, 70960027, 70960132, 70960037, 70960006, 70960061, 70960046, 70960137,
80900035, 70960100, 70960107, 70960101, 70960140, 70960023, 70960056, 70960031, 70960008, 70960049, 70960028, 70960081, 70960057,
70960086, 70960088, 70960018, 70960087, 70960078, 70960114, 70960083, 70960011, 70960110, 70960080, 70960138, 70960014, 70960025,
70960090, 70960066, 70960136, 70960106, 70960124, 70960038, 70960119, 70960085, 70960013, 70960134, 70960029, 70960109, 70960059,
70960139, 70960103, 70960043, 70960040, 70960021, 70960007, 70960117, 70960084, 70960068, 70960127, 80830071, 70960123, 70960112,
70960148, 70960122, 70960099, 70960129, 70960149, 70960041, 70960035, 70960116, 70960102, 70960141, 70960150, 70960024, 70960115,
70960113, 70960010, 70960009, 70960074, 70960016, 70960001, 70960094, 70960096, 70960071, 70960121, 70960125, 70960069, 70960073,
70960048, 70960065, 70960039, 70960091, 70960004, 70960050, 70960098, 70960022, 70960077, 70960092, 70960052, 70960012, 70960030,
70970011, 70970001, 70970010, 70970007, 70970016, 70970012, 70970014, 70970003, 70970008, 70970015, 70970020, 70970019, 70970018,
70870096, 70870062, 70870056, 70870102, 70870050, 70870036, 70870101, 70870072, 70870024, 70870034, 70870013, 70870103, 70870078,
70870059, 70870061, 70870029, 70870043, 70870073, 70870057, 70870012, 70870065, 70870033, 80870014, 70870025, 70870028, 80870039,
80870043, 70870014, 70870040, 70870045, 70870035, 70870047, 70870007, 70870051, 70870055, 70920005, 70920002, 70920004, 70920014,
70920001, 70920007, 70920015, 70920016, 80920015, 80920008, 70920011, 70920008, 70920013, 70920009, 70920012, 70920006, 70900022,
70900042, 70900043, 70900041, 70900014, 70900012, 70900031, 70900076, 70900021, 70900075, 70900067, 70900039, 70900078, 70900051,
70900069, 70900068, 70900002, 70900028, 70900074, 70900048, 70900026, 70900017, 70900047, 70900008, 70900088, 70900077, 70900060,
70900038, 70900023, 70900087, 70900084, 70900034, 70900070, 70900086, 70900013, 70900085, 70900032, 70900050, 70900045, 70900046,
70900044, 70900071, 70900037, 70900058, 70900033, 70900027, 80900051, 70900020, 70900083, 70900009, 70900007, 70900081, 70900073,
70900016, 70930041, 70930044, 70930034, 70930038, 70930020, 70930011, 70930012, 70930093, 70930071, 70930039, 70930040, 70930099,
70930033, 70930037, 70930053, 70930054, 70930057, 70930094, 70930049, 70930098, 70930018, 70930019, 70930003, 70930008, 70930010,
70930002, 70930007, 70930092, 70930051, 70930016, 70930097, 70930100, 70930004, 70930024, 70930027, 70930031, 80930005, 70910005,
70910007, 70910008, 70910003, 70910009, 70910012, 70910002, 70910013, 70910004, 70910011, 70910010, 70910006, 70940022, 70940034,
70940019, 70940029, 70940004, 70940028, 70940002, 70940003, 70940026, 70940025, 70940032, 70940023, 70940021, 70940036, 70940031,
70940012, 70940035, 70940005, 70940033, 70940008, 70940016, 70940007, 70940037, 70940017, 80830050, 70940009, 70940013, 70860043,
70860044, 70860042, 70860051, 70860035, 70860046, 70860070, 70860033, 70860045, 70860034, 70860067, 70860037, 70860041, 70860036,
70860058, 70860066, 70860061, 70860068, 70860072, 70850001, 70850006, 70850007, 70850008, 70850009, 70850002, 70850010, 70850011,
70850014, 70850012, 70850013, 70850017, 70850003, 70850016, 70850004, 70850005, 70850018, 50850003, 50850002, 70850015, 30870006,
70870003, 30870009, 70870088, 30870008, 30870004, 70870099, 70870100, 70870054, 30870005, 70870093, 30870002, 30870007, 70870015,
70870021, 70870064, 70870005, 70870076, 70870098, 50870033, 70870031, 70870030, 70870044, 70870083, 70870048, 70870053, 70870001,
70870049, 70870086, 70870081, 70870011, 70860028, 80860012, 70940018, 60860004, 70860001, 70860007, 70860002, 80860053, 70860018,
70860011, 70860020, 70860055, 60860001, 60860006, 70860064, 70860063, 70860069, 60950013, 60950010, 60950009, 60950004, 60950027,
60950018, 60950014, 60950015, 60950003, 60950011, 80950011, 60950002, 60950005, 60950020, 60950007, 60950024, 60950021, 60950023,
60950022, 60950026, 60950008, 60950012, 60970025, 60970012, 60970016, 60970032, 60970006, 60970037, 60970036, 60970013, 60970035,
60970007, 60970011, 60970021, 60970019, 60970028, 60970014, 60970034, 60970015, 60970010, 60970018, 80970056, 60970004, 60970026,
60970039, 60970008, 60970029, 60970005, 60970001, 60970017, 60970002, 60970040, 60870057, 60870006, 60870053, 60870014, 60870022,
60870023, 60870033, 60870050, 60870031, 60870040, 60870049, 70940015, 60870021, 70940020, 60870018, 60870012, 60870038, 60870013,
60870019, 60870035, 60870054, 60870048, 60870010, 60870009, 60870056, 60870004, 60870007, 60870015, 60870034, 60870027, 60870028,
60870020, 60870051, 60870011, 60870017, 60870008, 60870030, 60870005, 60870042, 60870041, 60870025, 60850020, 60850021, 60850019,
60850032, 60850018, 60850008, 60850013, 60850012, 60850034, 60850029, 60850002, 60850005, 60850033, 60850011, 60850001, 60850015,
60850007, 60850028, 60850026, 60850006, 60850014, 60850004, 60850003, 60850030, 60850016, 60850017, 80920017, 80920027, 80920012,
60920002, 60920003, 60920001, 80920009, 60900083, 60900041, 60900060, 60900068, 60900050, 60900032, 60900035, 60900028, 60900026,
60900047, 60900045, 60900057, 60900049, 60900022, 60900078, 60900076, 60900036, 60900038, 60900029, 60900070, 60900005, 60900021,
60900007, 60900071, 60900081, 60900082, 60900033, 60900019, 60900084, 80890051, 60900037, 60900039, 60900075, 80900090, 60900072,
60900043, 60900080, 60900020, 60900061, 60900059, 60900015, 60900003, 60900044, 60900011, 60900069, 60900016, 60900014, 60900010,
60900023, 60900024, 60900062, 60900073, 60900017, 60900031, 60900053, 60900008, 60900042, 60900002, 60900013, 60900067, 60900065,
60900006, 60900074, 60900018, 60900001, 60900004, 60910012, 60910008, 60910002, 60910004, 60910013, 60910009, 60910001, 60910003,
60890186, 60890228, 60890083, 60890117, 60890187, 60890223, 60890134, 60890136, 60890146, 60890144, 60890175, 60890208, 60890077,
60890001, 60890121, 80890113, 60890100, 60890166, 60890080, 60890035, 60890111, 60890025, 60890135, 60890015, 60890008, 60890179,
60890206, 70890029, 60890192, 60890062, 60890020, 60890194, 60890164, 60890081, 60890191, 60890127, 60890199, 60890122, 70890016,
70890009, 60890203, 60890205, 60890082, 60890189, 60890153, 60890038, 60890150, 60890176, 60890145, 60890086, 60890181, 60890040,
60890044, 60890138, 60890068, 60890200, 60890163, 60890049, 60890198, 60890201, 60890116, 60890076, 60890197, 60890007, 60890137,
60890219, 60890195, 60890216, 60890094, 60890095, 50870043, 60890210, 60890046, 60890130, 60890196, 60890156, 60890169, 60890027,
60890064, 60890029, 60890115, 60890125, 60890104, 60890063, 60890101, 60890133, 60890108, 60890016, 60890003, 60890028, 60890031,
60890045, 60890078, 60890110, 60890018, 60890088, 60890089, 60890149, 60890162, 60890057, 60890041, 60890109, 60890093, 60890092,
60890004, 60890005, 60890220, 60890126, 60890042, 60890107, 60890106, 60890058, 60890178, 60890212, 60890019, 60890022, 60890151,
60890021, 60890221, 80890046, 60890023, 60890118, 60890097, 60890033, 60890231, 60890070, 60890066, 60890034, 60890202, 60890168,
60890037, 60890180, 60890229, 60890067, 60890039, 60890032, 60890043, 60890160, 60890167, 60890047, 60890036, 60890185, 60890009,
60890211, 60890048, 60890102, 60890103, 60890071, 60890073, 60890050, 60890074, 60890061, 60890123, 60890051, 60890075, 60890158,
60890052, 60890105, 60890053, 60890054, 60890055, 60890056, 60890084, 60890085, 60890182, 60890079, 60890060, 60890190, 60890157,
60890072, 60890087, 60890217, 60890155, 60890214, 60890213, 60890114, 60890215, 60890113, 60890112, 60890143, 60890177, 60890170,
50870063, 50870018, 50870062, 50870049, 50870028, 50870005, 50870002, 50870030, 50870007, 50870061, 50870032, 50950031, 50950030,
50950033, 50950043, 50950019, 50900035, 50900045, 50900016, 50900036, 50900046, 50900025, 50900037, 50900043, 80930036, 80860141,
80860111, 70940024, 70930087, 70930075, 80960080, 40900013, 70940001, 70890032, 60870002, 80930039, 60950019, 60890002, 50870042,
70950003, 50950041, 70930090, 80940030, 80970091, 80970089, 80970055, 80970020, 80970034, 80970039, 80970024, 80970054, 80970080,
80970077, 80940013, 80940023, 80940008, 70930030, 70930073, 80930003, 80930010, 80930006, 80930041, 80930009, 80930049, 80930019,
80930047, 70930009, 80930014, 80930018, 80930050, 70930005, 70930072, 80840007, 80840043, 80840041, 80840030, 80840035, 80840040,
80840047, 80840046, 80840003, 80840008, 80840045, 80840042, 80840029, 80840032, 80840039, 80840010, 80840038, 80840054, 80840022,
80840044, 80840051, 80840015, 80840013, 80840052, 80840037, 80840028, 80920043, 80920029, 80920022, 80920042, 80920002, 80920045,
80920018, 80920040, 80920028, 80910033, 80910008, 80910032, 80910013, 80910021, 80980386, 80980372, 80980339, 80980545, 80980478,
80980060, 80980159, 80980131, 80980130, 80980441, 80980203, 80980473, 80980423, 80980309, 80980588, 80980387, 80980363, 80980435,
80980304, 80980331, 80980073, 80980356, 80980373, 80980349, 80980316, 80980326, 80980344, 80980357, 80980467, 80980361, 80980377,
80980427, 80980403, 80980511, 80980574, 80980575, 80980469, 80980091, 80980348, 80980114, 80980359, 80980399, 80980556, 80980238,
80980394, 80980161, 80980407, 80980347, 80980437, 80980412, 80980430, 80980453, 80980506, 80980529, 80980272, 80980274, 80980149,
80980548, 80980051, 80980067, 80980033, 80980164, 80980086, 80980260, 80980013, 80980440, 80980186, 80960020, 80960056, 80960054,
80960099, 80960001, 80960012, 80960116, 80960069, 80960027, 80960071, 80960029, 80960047, 80960063, 80960089, 80960085, 80860116,
80860132, 80860130, 80860121, 80860117, 80860120, 80860110, 80860122, 80860148, 80860147, 80860137, 80860138, 80860144, 80860018,
80860139, 80860145, 80860129, 80860001, 80860022, 80860115, 80860173, 80860171, 80860133, 80860140, 80860020, 80860134, 80860153,
80860124, 80860150, 80860113, 80860125, 80860146, 80860128, 80860136, 80860119, 80860131, 80860114, 80860135, 80860142, 80860091,
80860127, 80860050, 80860123, 80860118, 80860009, 80860143, 80850051, 80850026, 80850003, 80850054, 60850010, 80850065, 80850050,
80850015, 80850052, 80900060, 80900111, 80900027, 80900117, 80980557, 80900086, 80900108, 70890027, 80890115, 80890027, 80890043,
80890044, 80890045, 80890081, 80890024, 80890050, 80890174, 70890001, 80880026, 80880131, 80880129, 80880172, 80880137, 80880076,
80880140, 80880169, 80880124, 80880123, 80880002, 80880166, 80880127, 80880050, 80880147, 80880156, 80880001, 80880048, 80880044,
80880029, 80880143, 80880003, 80880151, 80880146, 80880158, 80880075, 80880054, 80880125, 80880055, 80880094, 80880059, 80880126,
80880033, 80880154, 80880062, 80880078, 80880084, 80880167, 80880073, 80880144, 80880039, 80880081, 80880049, 80880162, 80880080,
80880159, 80880145, 80880007, 80880034, 80880025, 80880013, 80880170, 80880148, 80880101, 80880163, 80880019, 80880141, 80880164,
80880149, 80880168, 80880133, 80880160, 80880128, 80880130, 80880161, 80880132, 80880138, 80880087, 80880093, 80880134, 80880139,
80880165, 80880066, 80880135, 80880136, 80880092, 80880157, 80880153, 80880142, 80880088, 80880042, 80880097, 80880152, 80880047,
80880071, 80880072, 80880065, 80880150, 80880155, 80950041, 80950047, 80950013, 80950035, 80950007, 80950051, 80950052, 80950024,
80950046, 80950048, 80950056, 80950042, 80950049, 80950050, 80950045, 80950033, 80950039, 80950025, 80950040, 80950043, 80950001,
80950044, 80950016, 80950037, 80950038, 80830077, 80830088, 80830084, 80830074, 80870062, 70870006, 80870074, 80870075, 80870076,
80870054, 80870036, 80870064, 40900001, 40900014, 40900015, 40850011, 40850003, 40850007, 40870061, 40870010, 40870075, 40870093,
40870112, 40870052, 40870026, 40870015, 40870121, 40870083, 40870007, 40870006, 40870114, 40870091, 40870038, 40870060, 40870072,
40870030, 40870090, 40870051, 70950031, 50950025, 70950047, 70950035, 70950033, 70950043, 70950068, 70950029, 70950049, 50950040,
50950036, 70950026, 70950056, 70950060, 70890037, 60890065, 70890004, 70890007, 70960032, 70960144, 70960131, 70960093, 70960072,
70960108, 70960053, 70960142, 70960143, 70960045, 70960146, 70960019, 70960089, 70960017, 70960051, 70960033, 70960145, 70960128,
70960130, 70960120, 70960047, 70970013, 70970005, 70970004, 70970002, 70970006, 70870097, 70870085, 70870095, 70870032, 70870071,
70920019, 70920010, 70900011, 70900015, 70900080, 70900036, 70900006, 70900061, 70900062, 70900001, 70900066, 70900064, 70900079,
80930023, 70930074, 70930080, 70930050, 70930035, 70930022, 70930083, 70930029, 70930081, 70930085, 70930091, 70930026, 70930047,
70930084, 70930079, 70930059, 70930042, 70930078, 70930089, 70930082, 70930028, 70930017, 70930006, 70930015, 70930076, 70930014,
70930021, 70930025, 70930088, 70930086, 70930043, 70930048, 70930077, 70910001, 70940006, 70860031, 70860059, 70870052, 70870008,
70870016, 70870010, 70870019, 70870041, 70870020, 70870094, 70870018, 70870017, 70870004, 30870003, 70870002, 70870042, 70870023,
60860002, 80860126, 70860027, 70860023, 60860003, 70860015, 80950036, 60950016, 60950001, 60950017, 60970027, 60970030, 60970023,
60970009, 60970024, 60870055, 60870032, 60870037, 60870026, 60870036, 60870039, 60870024, 60870029, 60870001, 60870003, 80870055,
60850022, 60850024, 60850023, 60850025, 80920021, 80920007, 60900064, 60900052, 60900030, 60900027, 60900066, 60900046, 60900054,
60900034, 60910010, 60910005, 60890209, 60890152, 70890017, 60890165, 60890010, 60890011, 60890090, 60890140, 60890222, 60890030,
60890069, 60890161, 60890184, 60890017, 70890014, 60890193, 60890218, 60890188, 70890026, 60890013, 60890006, 60890059, 60890183,
60890154, 60890132, 60890159, 80960103, 70940030
]

SANTACRUZ=[
81981476, 81980531, 81981505, 81981746, 81981529, 81981447, 81981473, 81981177, 81981302, 81981250, 81980648, 81981496, 81980819,
81981335, 81981032, 81981469, 81981483, 81980725, 81981033, 81981321, 81981454, 81981518, 81981498, 81980955, 81981438, 81981185,
81980893, 81980952, 81980803, 81981547, 81981429, 81981022, 81981737, 81980813, 81981520, 81981494, 81981316, 81981501, 81981183,
81981765, 81981503, 81981439, 81981475, 81981485, 81981442, 81980259, 81980387, 81981477, 81980156, 81980421, 81980751, 81981178,
81980797, 81980047, 81980132, 81980779, 81980981, 81980210, 81980900, 81981468, 81980444, 81980467, 81981467, 81981180, 81981179,
81981029, 81981464, 81980134, 81981426, 81981176, 81980796, 81980167, 81981184, 81980691, 81981465, 51920024, 41980097, 41980033,
41980104, 41980110, 41980101, 61890058, 61890045, 51910015, 51900009, 71950064, 71950056, 61880184, 51880031, 51880022, 81840021,
81840042, 81950110, 81860047, 81860006, 81880097, 81880070, 81880082, 71980039, 71980076, 81920023, 81890136, 81890026, 81890022,
81890014, 81890119, 81890150, 81890125, 81890127, 81890036, 81890069, 81930070, 81930018, 81930067, 81850044, 81901007, 81960110,
81960157, 81960115, 81960169, 81940038, 81940039, 81870053, 81870042, 81910105, 81910102, 81910107, 81910006, 81910106, 81910037,
81910007, 81970119, 81970151, 81970154, 81970082, 41910021, 41890006, 61890074, 61890060, 61890091, 71920077, 71920060, 71920087,
71920076, 71890036, 71890034, 71970002, 71940020, 71900016, 61980039, 71850017, 71850013, 71850024, 71860016, 71950071, 71950053,
71950065, 71950057, 71880025, 71880026, 71960038, 71930074, 71910026, 71840021, 71840018, 71840019, 31920051, 31920005, 31920066,
61880172, 61880170, 61920045, 81930058, 61840042, 51980067, 51980113, 51980009, 51980085, 51980071, 51980084, 51980076, 51980087,
61900025, 61900021, 61890005, 61910002, 61940057, 61940059, 61940050, 61940065, 61940054, 61940061, 61940056, 61960015, 71880029,
61880187, 61950081, 61950028, 61950029, 61950085, 61950068, 61950079, 61950021, 81981790, 81980986, 81980226, 81980100, 81981527,
81981186, 81981274, 81980002, 81981537, 81981182, 81981538, 81981472, 51920016, 41980092, 61880171, 81960134, 81940040, 31920058,
61940053, 61950025, 61950022, 61950036, 81980263, 81980780, 81980042, 81981493, 81980112, 81981012, 81981013, 81981648, 81981665,
81981693, 81981692, 81981564, 81980778, 81981732, 81980766, 81981387, 81981336, 81980115, 81980765, 81980274, 81980103, 81980219,
81980262, 51920021, 41980112, 41980087, 61890131, 51900010, 51950002, 51880027, 81840040, 81840039, 81950116, 81860007, 81880083,
81880103, 71980052, 81920026, 81920027, 81890147, 81890019, 81890146, 81890145, 81930065, 81930073, 81901009, 81960111, 81940041,
81870058, 81910104, 81970133, 81970150, 81970144, 41920048, 41910023, 41880001, 71920067, 71890040, 71890037, 71970006, 71940036,
61980041, 71950077, 71950072, 71950074, 71880038, 71930093, 71840023, 21920014, 31920055, 31880006, 61920051, 61920055, 61930001,
61840049, 51980099, 51980092, 51980122, 51980098, 61900026, 61890127, 61940063, 61960017, 61950080, 61950064, 81980197, 81950118,
81980463, 81981322, 81981026, 81981014, 81981217, 81981690, 81980992, 81980482, 81980151, 81980150, 81980148, 81980721, 81980722,
81981764, 81981777, 81981776, 81981774, 81981773, 81981770, 81981769, 81981768, 81980665, 81980193, 81980191, 81980146, 81980627,
81980628, 81981353, 81981593, 81980839, 81980840, 81981131, 80480368, 81981541, 81981069, 81980118, 81980120, 81980415, 81981435,
81981445, 81981160, 81980069, 81981260, 81980678, 81980676, 81980675, 81981333, 81981663, 81981748, 81981727, 81980854, 81980826,
81980622, 81981273, 81981497, 81981719, 81980929, 81980928, 81981526, 81981721, 81981115, 81980702, 81981080, 81981750, 81981744,
81980588, 81980592, 81981374, 81981240, 81981722, 81980232, 81980233, 81981762, 81980578, 81980580, 81981681, 81981332, 81981733,
81981366, 81981510, 81981277, 81981555, 81980728, 81980730, 81980731, 81981578, 81981165, 81980972, 81980971, 81980973, 81980856,
81980046, 81981424, 81981196, 81980236, 81980029, 81981025, 81981407, 81980003, 81980004, 81980966, 81981651, 81981201, 81981433,
81981563, 81980545, 81981452, 81981303, 81980264, 81980257, 81980258, 81981731, 81980883, 81980882, 81981570, 81981459, 81981632,
81981723, 81980916, 81980917, 81981347, 81981657, 81981658, 81980305, 81981569, 81981659, 81981327, 81981067, 81981380, 81981411,
81981573, 81981203, 81981666, 81981359, 81980538, 81980051, 81981724, 81981166, 81981016, 81981511, 81981540, 81981129, 81981064,
81981760, 81980320, 81980125, 81980279, 81980160, 81981667, 81980870, 81980926, 81981668, 81981670, 81981671, 81980117, 81980180,
81980498, 81981171, 81981161, 81981338, 81981580, 81981417, 81981579, 81980982, 81981544, 81980980, 81981647, 81980937, 81980936,
81981142, 81981379, 81981644, 81981279, 81980557, 81981357, 81980026, 81981726, 81981557, 81980759, 81981575, 81981155, 81981457,
81980758, 81981167, 81980037, 81980039, 81980045, 81980386, 81980113, 81980406, 81980124, 81981198, 81981269, 81980195, 81980965,
81980464, 81980934, 81980141, 81981149, 81981042, 81981139, 81981661, 81981669, 81981221, 81980530, 81981213, 81980551, 81981137,
81981301, 81981258, 81981317, 81981339, 81981297, 81981758, 81980162, 81981401, 81981371, 81981440, 81981487, 81981354, 81981492,
81981403, 81981519, 81981455, 81981507, 81981389, 81981539, 81981400, 81981512, 81981450, 81981384, 81981482, 81981542, 81981517,
81981488, 81980947, 81981528, 81980623, 81981135, 81980251, 81981409, 81981587, 81981656, 81980158, 81981577, 81981576, 81981574,
81981446, 81981589, 81981591, 81981592, 81980425, 81980310, 81981117, 81980740, 81980741, 81981418, 81981490, 81981771, 81981604,
81980516, 81980512, 81981605, 81981395, 81980223, 81980221, 81980224, 81981691, 81981642, 81981597, 81981346, 81981636, 81981484,
81981096, 81981638, 81980031, 81981600, 81980065, 81981677, 81980144, 81981296, 81980023, 81980300, 81980302, 81980295, 81980293,
81980299, 81980301, 81980034, 81981071, 81981092, 81980735, 81981640, 81981673, 81980128, 81980129, 81980130, 81981682, 81980473,
81980472, 81980566, 81980288, 81981300, 81981560, 81981674, 81981215, 81981108, 81981675, 81981676, 81981756, 81981193, 81981020,
81980718, 81980317, 81980784, 81980782, 81981319, 81980072, 81980071, 81980041, 81980044, 81981684, 81981685, 81980176, 81980183,
81980178, 81980058, 81980203, 81980211, 81980213, 81980212, 81980204, 81980209, 81981110, 81981225, 81981036, 81981394, 81981556,
81980090, 81981448, 81981678, 81981645, 81981441, 81981634, 81980734, 81981630, 81981320, 81981688, 81981689, 81980323, 81980322,
81980285, 81980851, 81981048, 81981208, 81981011, 81981637, 81981550, 81980701, 81981521, 81981523, 81981522, 81981431, 81980573,
81980487, 81980319, 81980321, 81980664, 81980792, 81980794, 81981767, 81981008, 81980799, 81980798, 81980827, 81980142, 81980143,
81980137, 81980715, 81980830, 81981292, 81980127, 81980122, 81980455, 81980086, 81980008, 81981209, 81980402, 81981343, 81980807,
81980811, 81980812, 81980961, 81980957, 81980552, 81980526, 81980525, 81980857, 81980013, 81980014, 81981413, 81980846, 81980849,
81980847, 81980843, 81980845, 81980942, 81980941, 81980915, 81980913, 81980255, 81980252, 81980253, 81981649, 81980290, 81980291,
81980495, 81980485, 81980484, 81980565, 81980559, 81980564, 81981289, 81980560, 81981046, 81980824, 81980822, 81980821, 81980282,
81980407, 81980919, 81980923, 81981653, 81980268, 81980272, 81980897, 81980899, 81980536, 81980540, 81980535, 81980537, 81980979,
81980335, 81980340, 81980448, 81980449, 81980470, 81980581, 81980583, 81980326, 81980324, 81980999, 81980059, 81980063, 81980451,
81980490, 81981660, 81981583, 81981586, 81980353, 81980239, 81980240, 81980817, 81980944, 81980135, 81980136, 81981050, 81981205,
81980427, 81981079, 81981087, 81980009, 81981094, 81980052, 81980089, 81981725, 81980437, 81981210, 81981192, 81980878, 81980880,
81980879, 81980925, 81980924, 81981356, 81981444, 81980371, 81980374, 81981047, 81980383, 81981158, 81981159, 81980019, 81980890,
81980078, 81980099, 81980424, 81981594, 81981504, 81980308, 81980309, 81980307, 81980286, 81980352, 81980349, 81980348, 81980351,
81980346, 81980347, 81980703, 81981599, 81980694, 81981562, 81981643, 81981398, 81980866, 81980011, 81980012, 81980954, 81980956,
81981156, 81981121, 81981514, 81980106, 81981652, 81980155, 81980154, 81980102, 81981194, 81981581, 81980175, 81980172, 81980171,
81980695, 81980379, 81981650, 81980422, 81980368, 81980363, 81980367, 81981543, 81980836, 81981010, 81980380, 81981323, 81981298,
81981059, 81981361, 81981588, 81981234, 81981686, 81981582, 81980418, 81981598, 81981263, 81981360, 81981107, 81981222, 81980657,
81980635, 81980636, 81980638, 81980123, 81981283, 81981753, 81980685, 81980681, 81980682, 81980686, 81981162, 81981245, 81980108,
81980107, 81981164, 81980597, 81980594, 81981481, 81981003, 81980649, 81981513, 81980475, 81981453, 81980533, 81980244, 81981392,
81981276, 81981326, 81981585, 81981664, 81980989, 81981314, 81980554, 81981375, 81980571, 81981568, 81980517, 81980519, 81980376,
81981378, 81980493, 81980081, 81980083, 81980393, 81980426, 81980745, 81980077, 81980076, 81980569, 81980491, 81980094, 81980200,
81980201, 81980159, 81980392, 81980389, 81980035, 81980033, 81980355, 81981294, 81980705, 81980869, 81980868, 81980522, 81981662,
81980505, 81980507, 81980506, 81980419, 81980502, 81980748, 81980875, 81980874, 81980901, 81980904, 81980903, 81980673, 81980687,
81980689, 81980997, 81980753, 81980757, 81980170, 81981023, 81980576, 81981558, 81980861, 81981559, 81981456, 81980777, 81980432,
81980712, 81981291, 81981197, 81980468, 81980220, 81980601, 81980600, 81980599, 81980145, 81981037, 81981191, 81981007, 81980646,
81980645, 81980304, 81980306, 81980749, 81980606, 81980607, 81980630, 81980652, 81980996, 81980604, 81981755, 81981199, 81981015,
81980659, 81980643, 81980261, 81980260, 81980614, 81980616, 81980619, 81980672, 81980670, 81981195, 81980671, 81980329, 81980333,
81980332, 81980574, 81981393, 81980453, 81980460, 81980458, 81980815, 81981372, 81980586, 81980587, 81980590, 81981631, 81981017,
81981173, 81980970, 81980969, 81981057, 81980889, 81980888, 81980948, 81980949, 81980943, 81980906, 81980905, 81981545, 81980950,
81980951, 81980873, 81980872, 81980998, 81981118, 81981646, 81981595, 81981019, 81980932, 81980933, 81981133, 81981461, 81980398,
81980397, 81981125, 81981119, 81981641, 81980435, 81980394, 81980401, 81980423, 81981132, 81981603, 81981745, 81981109, 81981134,
81981082, 81981091, 81981232, 81981089, 81981101, 81981105, 81981093, 81981049, 81981136, 81981111, 81981146, 81981152, 81981095,
81981052, 81981202, 81981170, 81981242, 81981416, 81981324, 81980539, 81981443, 81981174, 81981114, 81981140, 81981584, 81981083,
81981073, 81981065, 81981103, 81981761, 81981318, 81981204, 81981508, 81980075, 81981253, 81981337, 81981751, 81980066, 81980111,
81980774, 81981188, 81981330, 81981680, 81980109, 81980110, 81981679, 81981747, 81981340, 81981405, 81981200, 81981236, 81981287,
81981212, 81981281, 81981286, 81981243, 81981328, 81981341, 81981717, 81981280, 81981639, 81981325, 81981207, 81981311, 81901000,
81980028, 81981331, 81981228, 81981601, 81981293, 81981377, 81981565, 81981383, 81981406, 81981655, 81981230, 81981419, 81981427,
81981466, 81981402, 81981533, 81980603, 81981369, 81980169, 81981295, 81981373, 81981352, 81981342, 81981355, 81981364, 81981312,
81981397, 81981386, 81981428, 81981334, 81981596, 81981414, 81981396, 81981408, 81981367, 81981376, 81981566, 81981307, 81981432,
81981239, 81981219, 81981421, 81981350, 81981370, 81981412, 81980017, 81981683, 81981535, 81980020, 81980018, 81981423, 81981436,
81981462, 81981471, 81981410, 81981534, 81981532, 81981470, 81981479, 81981480, 81981449, 81981474, 81981553, 81981381, 81981345,
81981349, 81981385, 81981752, 81981546, 81981672, 81981233, 81981551, 81980761, 81981552, 81980711, 81981500, 81980477, 81981001,
81981024, 81981365, 81981344, 81981120, 81981368, 81981391, 81981261, 81981561, 81981112, 81981530, 81981531, 81980993, 81980877,
81980876, 81980053, 81980054, 81980441, 81980440, 81980910, 81980909, 81980907, 81980654, 81981290, 81980802, 81980806, 81980855,
81980832, 81980834, 81980833, 81980357, 81980370, 81980987, 81981536, 81980864, 81981554, 81981430, 81980228, 81980977, 81980978,
81981271, 81980895, 81980896, 81980527, 81980528, 81981358, 81980163, 81981778, 81980746, 81980572, 81980179, 81980744, 81981754,
81980738, 81981602, 81981742, 81981348, 81981775, 81980189, 81981404, 81980743, 81980174, 81980092, 81980991, 81980087, 81980084,
81980097, 81980770, 81981590, 81981757, 81980767, 81981390, 81980771, 81981772, 81980651, 81981779, 81980769, 81980773, 81981567,
81980518, 81980661, 81980187, 81980181, 81980662, 81981687, 81981278, 81981633, 81981654, 81981009, 81981425, 51920001, 51920002,
51920014, 51920022, 51920003, 51920015, 51920020, 51920008, 51920004, 51920013, 51920007, 51920019, 51920009, 51920012, 51920010,
41980027, 41980026, 41980109, 41980030, 41980032, 41980021, 41980024, 41980023, 41980072, 41980073, 41980077, 41980028, 41980012,
41980017, 41980060, 41980115, 41980025, 41980106, 41980016, 41980114, 41980107, 41980031, 41980095, 41980068, 41980071, 41980036,
41980035, 41980075, 41980009, 41980015, 41980108, 41980014, 41980013, 41980034, 41980113, 41980062, 41980010, 41980064, 41980081,
41980066, 41980089, 41980037, 41980093, 41980085, 41980038, 41980063, 41980054, 41980048, 41980047, 41980052, 41980053, 41980061,
41980078, 41980020, 41980050, 41980051, 41980086, 41980055, 41980049, 41980088, 41980019, 41980041, 41980042, 41980008, 41980096,
41980098, 41980040, 41980074, 41980043, 41980044, 41980011, 41980079, 41980006, 41980065, 41980005, 41980070, 41980058, 41980007,
41980102, 41980094, 41980083, 41980103, 41980091, 61890039, 51890001, 61890048, 61890111, 61890116, 61890065, 61890051, 61890035,
61890040, 61890036, 61890038, 61890037, 61890110, 61890119, 61890057, 51890002, 61890046, 61890049, 61890041, 61890052, 61890056,
61890064, 61890077, 61890067, 51910008, 51910016, 51910011, 51910001, 51910002, 51910006, 51910005, 51910012, 51910004, 51910003,
51910017, 51910007, 51910010, 51910009, 51900006, 51900002, 51900003, 51900005, 51900007, 51900004, 51900001, 51900008, 71950047,
71950016, 71950063, 71950048, 71950058, 71950019, 71950045, 71950061, 71950017, 71950037, 71950059, 51950001, 71950049, 71950042,
71950041, 71950038, 71950040, 71950050, 61880154, 61880013, 61880116, 61880010, 51880013, 61880149, 61880115, 61880011, 61880117,
51880019, 61880107, 61880009, 61880111, 61880078, 61880118, 51880023, 61880120, 61880033, 61880076, 61880032, 61880054, 61880019,
61880156, 61880018, 61880021, 61880037, 61880092, 61880041, 51880035, 51880008, 51880010, 61880042, 61880045, 61880173, 61880047,
61880073, 61880043, 61880050, 51880021, 61880053, 61880061, 61880169, 61880072, 61880052, 61880017, 61880055, 61880049, 61880101,
61880148, 51880011, 61880057, 61890114, 61880106, 61880124, 61880114, 61880036, 51880020, 51880033, 61880182, 61880181, 51880028,
61880180, 61880174, 61880077, 61880183, 51880032, 61880147, 61880121, 51880001, 51880003, 51880034, 61880178, 61880160, 61880006,
81840031, 81840036, 81840008, 81840037, 81840028, 81840033, 81840022, 81840032, 81840027, 81840003, 81840012, 81840013, 81840006,
81840035, 81840010, 81840043, 81840026, 81840014, 81840030, 81840002, 81840005, 81840029, 81840034, 81840004, 81840015, 81840024,
81840017, 81840019, 81840001, 81840041, 81840044, 81840007, 81950004, 81950008, 81950017, 81950009, 81950020, 81950031, 81950111,
81950027, 81950023, 81950014, 81950019, 81950018, 81950029, 81950104, 81950010, 81950025, 81950012, 81950103, 81950016, 81950011,
81950015, 81950021, 81950007, 81950022, 81950112, 81950026, 81950028, 81950030, 81950035, 81950033, 81950024, 81950105, 81950006,
81950013, 81950114, 81950034, 81950115, 81950005, 81950117, 81950002, 81950003, 81860031, 81860052, 81860032, 81860043, 81860012,
81860016, 81860017, 81860019, 81860027, 81860028, 81860015, 81860018, 81860020, 81860022, 81860056, 81860055, 81860046, 81860021,
81860049, 81860029, 81860010, 81860008, 81860045, 81860004, 81860058, 81860001, 81860003, 81860002, 81860009, 81860014, 81860057,
81860051, 81860042, 81860026, 81860023, 81860025, 81860050, 81860024, 81860040, 81860030, 81860035, 81860039, 81860041, 81860038,
81860036, 81860053, 81860034, 81860037, 81880090, 81880014, 81880086, 81880024, 81880025, 81880026, 81880027, 81880079, 81880085,
81880037, 81880016, 81880004, 81880101, 81880060, 81880098, 81880077, 81880001, 81880100, 81880080, 81880095, 81880081, 81880087,
81880088, 81880003, 81880094, 81880093, 81880002, 81880104, 81880023, 81880092, 81880106, 81880096, 81880035, 81880028, 81880015,
81880022, 81880089, 81880099, 81880018, 81880030, 81880036, 81880013, 81880020, 81880009, 81880012, 81880021, 81880033, 81880032,
81880011, 81880034, 81880010, 81880091, 81880031, 81880029, 81880017, 81880019, 71980049, 71980017, 71980078, 71980066, 71980074,
71980006, 71980038, 71980037, 71980055, 71980029, 71980031, 71980008, 71980004, 71980005, 71980057, 71980065, 71980071, 71980023,
71980014, 71980045, 71980018, 71980015, 71980067, 71980040, 71980069, 71980050, 71980025, 71980075, 71980027, 71980053, 71980021,
71980064, 71980030, 71980002, 71980001, 71980046, 71980026, 71980060, 71980010, 71980011, 71980043, 71980007, 71980048, 71980013,
71980028, 71980024, 71980044, 71980016, 71980063, 71980081, 71980061, 71980056, 71980070, 71980059, 71980012, 71980054, 71980068,
71980034, 71980033, 71980058, 71980079, 71980020, 71980009, 71980019, 71980077, 71980062, 71980073, 71980022, 71980051, 81920009,
81920013, 81920019, 81920003, 81920014, 81920006, 81920002, 81920015, 81920008, 81920007, 81920025, 81920004, 81920005, 81920018,
81920016, 81920001, 81920020, 81920017, 81920011, 81920022, 81920024, 81890084, 81890089, 81890138, 81890091, 81890096, 81890114,
81890099, 81890102, 81890139, 81890128, 81890055, 81890129, 81890011, 81890013, 81890034, 81890126, 81890140, 81890003, 81890004,
81890001, 81890062, 81890060, 81890059, 81890135, 81890115, 81890032, 81890033, 81890113, 81890041, 81890042, 81890009, 81890116,
81890008, 81890015, 81890118, 81890122, 81890098, 81890109, 81890111, 81890117, 81890006, 81890108, 81890018, 81890079, 81890021,
81890020, 81890023, 81890024, 81890025, 81890028, 81890137, 81890039, 81890050, 81890052, 81890053, 81890086, 81890068, 81890085,
81890066, 81890073, 81890072, 81890070, 81890071, 81890078, 81890074, 81890038, 81890040, 81890064, 81890121, 81890056, 81890035,
81890104, 81890149, 81890148, 81890063, 81890047, 81890048, 81890143, 81890005, 81890094, 81890027, 81890031, 81890030, 81890029,
81890144, 81890112, 81890043, 81890057, 81890087, 81890065, 81890124, 81890077, 81890123, 81890076, 81890088, 81930007, 81930024,
81930026, 81930061, 81930008, 81930033, 81930047, 81930027, 81930023, 81930022, 81930031, 81930029, 81930030, 81930062, 81930021,
81930028, 81930020, 81930001, 81930003, 81930009, 81930005, 81930004, 81930002, 81930064, 81930063, 81930016, 81930019, 81930006,
81930011, 81930015, 81930014, 81930010, 81930036, 81930071, 81930017, 81930060, 81930055, 81930025, 81930053, 81930068, 81930054,
81930035, 81930034, 81930032, 81850021, 81850015, 81850031, 71850009, 81850030, 81850014, 81850016, 81850032, 81850020, 81850039,
81850022, 81850049, 81850029, 81850052, 81850038, 81850057, 81850058, 81850043, 81850036, 81850009, 81850040, 81850034, 81850037,
81850013, 81901005, 81900033, 81900004, 81901001, 81900032, 81900001, 81900009, 81900008, 81901003, 81900027, 81900028, 81900024,
81900025, 81901008, 81900030, 81900026, 81900010, 81900011, 81900012, 81900018, 81900007, 81900005, 81900003, 81901002, 81900016,
81900021, 81900017, 81900038, 81900020, 81900015, 81900019, 81900029, 81900013, 81900002, 81900006, 81960020, 81960170, 81960149,
81960104, 81960009, 81960008, 81960123, 81960146, 81960145, 81960078, 81960002, 81960007, 81960171, 81960056, 81960080, 81960125,
81960026, 81960086, 81960140, 81960096, 81960152, 81960132, 81960135, 81960091, 81960126, 81960092, 81960129, 81960045, 81960072,
81960143, 81960073, 81960063, 81960074, 81960165, 81960147, 81960066, 81960043, 81960156, 81960163, 81960121, 81960028, 81960161,
81960150, 81960101, 81960042, 81960122, 81960089, 81960048, 81960100, 81960079, 81960017, 81960144, 81960081, 81960051, 81960024,
81960040, 81960069, 81960015, 81960162, 81960093, 81960119, 81960071, 81960127, 81960142, 81960060, 81960168, 81960148, 81960155,
81960039, 81960076, 81960046, 81960103, 81960005, 81960016, 81960116, 81960117, 81960130, 81960059, 81960102, 81960032, 81960084,
81960136, 81960087, 81960090, 81960099, 81960124, 81960154, 81960058, 81960164, 81960006, 81960113, 81960106, 81960112, 81960109,
81960070, 81960065, 81960034, 81960062, 81960159, 81960033, 81960158, 81960061, 81960085, 81960013, 81960010, 81960067, 81960097,
81960105, 81960131, 81960030, 81960083, 81960037, 81960011, 81960151, 81960054, 81960053, 81960041, 81960052, 81960120, 81960050,
81960141, 81960027, 81960021, 81960044, 81960036, 81960035, 81960001, 81960098, 81960038, 81960064, 81960018, 81960153, 81940004,
81940049, 81940028, 81940031, 81940051, 81940055, 81940044, 81940045, 81940046, 81940052, 81940053, 81940030, 81940001, 81940034,
81940054, 81940033, 81940056, 81940048, 81940019, 81940016, 81940020, 81940027, 81940018, 81940007, 81940036, 81940047, 81940015,
81940035, 81940008, 81940017, 81940032, 81940010, 81940009, 81940042, 81940050, 81940014, 81940006, 81940003, 81940012, 81940029,
81940022, 81940026, 81870027, 81870037, 81870016, 81870017, 81870029, 81870052, 81870028, 81870015, 81870040, 81870022, 81870026,
81870019, 81870006, 81870038, 81870002, 81870007, 81870035, 81870004, 81870013, 81870024, 81870025, 81870021, 81870009, 81870011,
81870023, 81870032, 81870054, 81870039, 81870056, 81870001, 81870005, 81870018, 81870051, 81870020, 81870014, 81870045, 81870041,
81870003, 81870055, 81870010, 81870012, 81870030, 81870047, 81910088, 81910055, 81910077, 81910060, 81910062, 81910029, 81910039,
81910035, 81910020, 81910050, 81910076, 81910049, 81910048, 81910040, 81910023, 81910033, 81910004, 81910085, 81910019, 81910022,
81910030, 81910031, 81910075, 81910036, 81910067, 81910089, 81910027, 81910091, 81910061, 81910080, 81910032, 81910047, 81910044,
81910098, 81910074, 81910110, 81910111, 81910009, 81910079, 81910095, 81910072, 81910005, 81910092, 81910051, 81910073, 81910068,
81910094, 81910034, 81910063, 71910022, 81910086, 81910082, 81910021, 81910026, 81910038, 81910028, 81910069, 81910018, 81910059,
81910015, 81910109, 81910013, 81910024, 81910017, 81910016, 81910103, 81910010, 81910014, 81910071, 81910012, 81910025, 81910011,
81910093, 81910090, 81910002, 71910015, 81910003, 71910014, 81910056, 81910008, 81910057, 81910054, 81910058, 81910081, 81910084,
81970148, 81970012, 81970001, 81970007, 81970002, 81970016, 81970018, 81970017, 81970019, 81970093, 81970094, 81970117, 81970008,
81970097, 81970109, 81970102, 81970004, 81970003, 81970014, 81970013, 81970006, 81970096, 81970129, 81970010, 81970127, 81970124,
81970136, 81970160, 81970009, 81970112, 81970099, 81970011, 81970103, 81970163, 81970132, 81970100, 81980405, 81970065, 81970067,
81970123, 81970069, 81970070, 81970063, 81970068, 81970137, 81970116, 81970156, 81970162, 81970115, 81970107, 81970134, 81970105,
81970126, 81970158, 81970108, 81970118, 81970106, 81970149, 81970143, 81970146, 81970131, 81970130, 81970135, 81970139, 81970161,
81970145, 81970138, 81970152, 81970147, 81970142, 81970077, 81970155, 81970157, 81970120, 81970121, 81970125, 81970128, 81970110,
81970114, 81970113, 81970159, 81970078, 81970079, 81970076, 81970164, 81970122, 81970071, 81970111, 81970073, 81970074, 81970025,
81970021, 81970020, 81970086, 81970023, 81970024, 81970022, 81970066, 81970064, 81970053, 81970047, 81970104, 81970058, 81970050,
81970054, 81970060, 81970048, 81970090, 81970059, 81970049, 81970045, 81970062, 81970044, 81970056, 81970055, 81970083, 81970052,
81970098, 41920014, 41920016, 41920043, 41920032, 41920045, 41920049, 41920017, 41920036, 41920051, 61920033, 41920029, 41920002,
41920006, 41920003, 41920030, 41920050, 41920005, 41920004, 41920031, 41920028, 41920046, 41920001, 41920044, 41920009, 41920024,
81920021, 41920037, 41920018, 41920035, 41920015, 41920033, 41920038, 41920041, 41920013, 41920047, 41920023, 41920019, 41920021,
41920034, 41920025, 41920027, 41920026, 41920012, 41920010, 41920011, 41920042, 41910018, 41910004, 41910019, 41910003, 41910010,
41910006, 41910015, 41910005, 41910020, 41910007, 41910001, 41910002, 41910014, 41910013, 41910011, 41910017, 41910016, 41910012,
41910022, 81880055, 81880051, 81880046, 41880002, 81880038, 81880059, 81880047, 81880053, 81880075, 81880078, 81880042, 81880039,
81880064, 81880054, 81880062, 81880045, 81880061, 81880043, 81880044, 81880041, 81880048, 81880052, 81880071, 81880049, 81880050,
81880058, 61890130, 61890101, 61890103, 61890102, 41890004, 41890005, 41890008, 41890003, 61890100, 61890106, 61890066, 61890076,
61890093, 61890094, 41890007, 61890098, 61890081, 41890001, 61890073, 61890075, 61890071, 61890120, 61890059, 61890084, 61890085,
61890090, 61890087, 61890072, 71920036, 71920002, 71920005, 71920004, 71920001, 71920062, 71920018, 71920019, 71920043, 71920024,
71920028, 71920025, 71920023, 71920022, 71920003, 71920026, 71920021, 71920069, 71920044, 71920042, 71920027, 71920081, 71920065,
41920007, 71920007, 71920064, 71920010, 71920029, 71920030, 71920031, 71920033, 71920032, 71920055, 71920013, 71920070, 71920056,
71920012, 71920086, 71920066, 71920084, 71920075, 71920011, 71920014, 71920009, 71920008, 71920053, 71920085, 61920009, 71920035,
71920083, 71920034, 71920038, 71920039, 31920039, 71920079, 71920048, 71920046, 41920008, 71920045, 71920041, 71920049, 71920050,
71920051, 71920071, 71920040, 71920074, 71920061, 71920063, 71920047, 71920068, 71920054, 71920015, 71920073, 71920017, 71920078,
71920072, 71920052, 71920016, 71890002, 71890006, 71890004, 71890001, 71890005, 71890003, 71890011, 71890010, 71890026, 71890041,
71890023, 71890032, 71890013, 71890022, 71890009, 71890035, 71890020, 71890033, 71890024, 71890031, 71890017, 71890029, 71890038,
71890008, 81890037, 71890019, 71890012, 71890016, 71890039, 71890030, 81970038, 81970028, 81970029, 81970026, 81970027, 81970032,
81970030, 81970033, 81970087, 81970041, 71970003, 71970001, 81970040, 71970004, 81970089, 81970036, 81970092, 71970005, 81970035,
81970043, 81970042, 81970037, 71940024, 71940017, 71940015, 71940014, 71940008, 71940007, 71940027, 71940022, 71940010, 71940011,
71940012, 71940009, 71940033, 71940025, 71940029, 71940032, 71940030, 71940001, 71940002, 71940003, 71940031, 71940004, 71940005,
71940013, 71940028, 71940006, 71940016, 71940018, 71940035, 71940019, 71900001, 71900009, 71900013, 71900008, 71900002, 71900012,
71900018, 71900006, 71900005, 71900007, 71900022, 71900011, 71910018, 71900014, 71910012, 71900004, 71910007, 71900003, 71900021,
71900020, 71900019, 71900010, 61980009, 61980027, 61980010, 81980768, 61980028, 61980022, 61980018, 61980025, 61980038, 61980008,
61980031, 61980036, 61980013, 61980016, 61980012, 61980035, 61980032, 61980033, 61980044, 61980040, 61980042, 61980001, 61980002,
61980003, 61980023, 61980021, 61980043, 61980005, 61980024, 61980006, 61980004, 61980020, 61980007, 61980019, 61980034, 61980011,
61980026, 61980037, 61980014, 61980015, 61980030, 71850008, 71850001, 71850005, 71850007, 71850002, 71850003, 71850004, 71850021,
71850010, 71850019, 71850014, 71860014, 71860011, 71860002, 71860006, 71860015, 71860018, 71860010, 71860007, 71860012, 71860013,
71860003, 71860001, 71860008, 71860017, 71860005, 71860004, 71950029, 71950025, 71950034, 71950036, 71950008, 71950030, 71950004,
71950001, 71950055, 71950007, 71950005, 71950003, 71950002, 71950073, 71950011, 71950012, 71950022, 71950013, 71950014, 71950069,
71950068, 71950075, 71950070, 71950020, 71950010, 71950027, 71950032, 71950031, 71950033, 71950006, 71950028, 71880032, 71880027,
71880019, 71880033, 71880011, 71880013, 71880016, 71880035, 71880002, 71880021, 71880009, 71880022, 71880020, 71880028, 71880017,
71880003, 71880004, 71880005, 71880001, 71880039, 71880010, 71880018, 71880031, 71880007, 71880030, 71880012, 71960012, 71960032,
71960001, 71960010, 71960004, 71960011, 71960002, 71960008, 71960039, 71960003, 71960027, 71960024, 71960037, 71960013, 71960033,
71960031, 71960006, 71960015, 71960030, 71960029, 71960028, 71960043, 71960025, 71960017, 71960040, 71960021, 71960036, 71960020,
71960016, 71960007, 71960019, 71960018, 71960022, 71960035, 71960042, 71960026, 71960023, 71930091, 71930078, 71930075, 71930083,
71930088, 71930006, 71930057, 71930051, 71930056, 71930066, 71930067, 71930068, 71930061, 71930059, 71930063, 71930076, 71930085,
71930054, 71930071, 71930064, 71930058, 71930084, 71930050, 71930049, 71930048, 71930001, 71930002, 71930072, 71930004, 71930003,
71930010, 71930009, 71930065, 71930005, 71930094, 71930055, 71930081, 71930087, 71930060, 71930062, 71910005, 71910016, 71910027,
71910028, 71910019, 71910009, 71910011, 71910008, 71910020, 71910002, 71910003, 71840006, 71840014, 71840011, 71840013, 71840010,
71840015, 71840009, 71840003, 71840002, 71840008, 71840007, 71840020, 71840024, 71840025, 21920006, 21920013, 21920004, 21920010,
21920003, 21920007, 21920012, 21920001, 21920008, 21920005, 21920009, 21920002, 31920031, 31920040, 31920061, 31920036, 31920034,
31920037, 31920033, 31920029, 31920024, 31920028, 31920025, 31920026, 31920019, 31920018, 31920011, 31920010, 31920014, 31920002,
31920064, 31920054, 31920021, 31920047, 31920050, 31920057, 31920004, 31920023, 31920022, 31920007, 31920001, 31920008, 31920042,
31920048, 31920016, 31920027, 31920017, 31920030, 31920045, 31920009, 31920038, 31920065, 31920044, 31920020, 31920062, 31920003,
31920015, 31920013, 31920006, 31920032, 31920041, 31920035, 61880090, 61880003, 61880132, 61880067, 31880005, 31880007, 61880069,
61880070, 31880001, 61880094, 61880084, 61880068, 61880066, 61880179, 31880010, 61880102, 61880071, 61880104, 61880004, 61880091,
31880008, 51880025, 61880155, 61880089, 61880100, 31880004, 61880131, 61880085, 61880002, 61880001, 61880096, 61880086, 31880009,
61920008, 61920059, 61920058, 61920056, 61920001, 61920038, 61920041, 61920042, 61920032, 61920057, 61920034, 61920048, 61920011,
61920035, 61920053, 61920004, 61920005, 61920039, 61920040, 61920025, 61920016, 61920017, 61920014, 61920021, 61920030, 61920022,
61920023, 61920026, 61920027, 61920043, 61920029, 61920006, 61920013, 61920044, 61920003, 61920037, 61920049, 61920012, 61920002,
61920050, 61920028, 61920052, 61920024, 61920019, 61920047, 61920046, 41980057, 61850001, 81850002, 81850025, 81850001, 81850018,
61850003, 81850004, 81850003, 81850027, 81850045, 81850023, 81850046, 61850002, 81850047, 81850026, 81850028, 81850048, 81850007,
81850005, 81850006, 81850054, 81850008, 81930044, 81930041, 81930069, 81930038, 81930039, 61930002, 81930037, 81930043, 81930040,
81930045, 61840052, 61840024, 61840007, 61840015, 61840005, 61840001, 61840048, 61840050, 61840016, 61840003, 61840010, 61840044,
61840028, 61840030, 61840038, 61840011, 61840029, 61840008, 61840002, 61840025, 61840051, 61840031, 61840035, 61840047, 61840032,
61840026, 61840012, 61840009, 61840004, 51980097, 51980107, 51980005, 51980006, 51980104, 51980096, 51980101, 51980086, 51980055,
51980083, 51980128, 51980134, 51980135, 51980136, 51980001, 51980060, 51980034, 51980094, 51980029, 51980028, 51980031, 51980088,
51980082, 51980068, 51980119, 51980069, 51980091, 51980011, 51980010, 51980078, 51980015, 51980014, 51980018, 51980070, 51980016,
51980013, 51980027, 51980046, 51980045, 51980041, 51980089, 51980048, 41980039, 51980037, 51980036, 51980040, 51980033, 51980032,
51980114, 51980024, 51980023, 51980111, 51980131, 51980062, 51980020, 51980053, 51980044, 51980072, 51980126, 51980100, 51980064,
51980116, 51980095, 51980039, 51980047, 51980124, 51980038, 51980080, 51980019, 51980025, 51980021, 51980130, 51980063, 51980129,
51980066, 51980115, 51980090, 51980074, 51980110, 51980081, 51980058, 51980079, 51980125, 51980077, 51980117, 51980118, 51980112,
51980132, 51980120, 51980073, 51980108, 51980093, 51980127, 51980123, 51980075, 51980133, 51980030, 51980056, 51980008, 51980003,
51980002, 51980007, 51980121, 51980065, 51980103, 51980102, 51980004, 51980109, 51980054, 61900024, 61900027, 61900011, 61900003,
61900023, 61900006, 61900005, 61900032, 61900009, 61900020, 61900017, 61900018, 61900013, 61900019, 61900016, 61900002, 61900034,
61900001, 61900010, 61900007, 61900008, 61900015, 61900022, 61900028, 61900033, 61900014, 61890014, 61890128, 61890126, 61890021,
61890025, 61890125, 61890070, 61890022, 61890033, 61890032, 61890117, 61890024, 61890034, 61890023, 61890134, 61890042, 61890011,
61890107, 61890006, 61890002, 61890010, 61890009, 61890026, 61890133, 61890132, 61890003, 61890020, 61890018, 61890115, 61890123,
61890004, 61890129, 61890030, 61890028, 61890122, 61910011, 61910023, 61910004, 61910013, 61910019, 61910017, 61910016, 61910010,
61910012, 61910015, 61910006, 61910021, 61910001, 61910022, 61910009, 61910018, 61910003, 61910005, 61910020, 61940040, 61940013,
61940027, 61940003, 61940016, 61940001, 61940002, 61940014, 61940023, 61940024, 61940008, 61940021, 61940022, 61940028, 61940006,
61940007, 61940042, 61940062, 61940029, 61940064, 61940033, 81940005, 61940046, 61940034, 61940032, 61940041, 61940044, 61940043,
61940004, 61940036, 61940030, 61940035, 61940009, 61940037, 61940011, 61940039, 61940010, 61940012, 61940017, 61940015, 61940020,
61940026, 61960009, 61960018, 61960014, 61960013, 61960012, 61960007, 61960005, 61960008, 61960019, 61960010, 61960001, 61960002,
61960004, 61960006, 61960003, 61960016, 71880023, 61880191, 61880190, 61880188, 61880189, 71880037, 71880015, 61880186, 61880185,
61950056, 61950063, 61950069, 61950066, 81950040, 81950076, 61950004, 61950019, 61950057, 81950056, 61950040, 61950041, 61950071,
81950066, 61950058, 81950054, 61950024, 81950041, 61950048, 61950050, 61950017, 81950038, 81950055, 61950039, 61950044, 61950082,
81950101, 61950035, 81950060, 61950078, 61950010, 81950087, 61950032, 61950060, 81950095, 61950042, 61950003, 81950072, 61950045,
61950034, 81950090, 61950026, 81950080, 61950086, 61950031, 81950102, 61950005, 81950091, 61950067, 61950087, 81950094, 61950059,
81950100, 61950047, 81950061, 81950077, 81950039, 61950070, 81950042, 61950020, 81950075, 81950093, 81950098, 81950088, 81950096,
61950072, 61950065, 61950006, 61950051, 61950046, 61950062, 81981172, 81981157, 81981141, 81981072, 81981061, 81981055, 81981068,
81981051, 81981066, 81981053, 81981138, 81981070, 81980080, 81980079, 81981021, 81981128, 81981147, 81981150, 81980140, 81980935,
81981027, 81980964, 81980216, 81980789, 81980786, 81980760, 81980315, 81980314, 81980313, 81980283, 81980284, 81980375, 81980067,
81980138, 81980062, 81980164, 81981041, 81981102, 81980378, 81981148, 81981306, 81981211, 81981054, 81980931, 81980330, 81980331,
81980608, 81980644, 81980396, 81980752, 81980902, 81980503, 81980027, 81980036, 81980988, 81981189, 81980245, 81981299, 81980476,
81981043, 81980995, 81981251, 81980381, 81980365, 81980177, 81980153, 81981509, 81980006, 81980829, 81980287, 81980101, 81980098,
81980892, 81981282, 81980434, 81980085, 81980358, 81981153, 81980225, 81980894, 81980010, 81981329, 81980384, 81980818, 81980061,
81980325, 81980585, 81980342, 81980339, 81980270, 81980267, 81980055, 81980088, 81980922, 81980277, 81980280, 81980281, 81980825,
81980850, 81980095, 81981288, 81980959, 81981502, 81980121, 81980073, 81980074, 81980131, 81980022, 81980021, 81980024, 81980025,
81981063, 81981144, 81981216, 81980030, 81981085, 81981116, 81981635, 81981088, 81981077, 81981351, 81980510, 81981130, 81981081,
81981078, 81981572, 81981571, 81980311, 81981516, 81981525, 81981382, 81981415, 81981478, 81981506, 81981515, 81981262, 81981549,
81981458, 81981460, 81981437, 81981489, 81981434, 81981362, 81981451, 81981422, 81981363, 81981491, 81981305, 81981267, 81981256,
81981255, 81981244, 81981304, 81981275, 81981259, 81981227, 81981238, 81981313, 81981252, 81981214, 81981190, 81981231, 81981218,
81981310, 81981237, 81981226, 81981090, 81981097, 81981098, 81981266, 81981264, 81981309, 81981086, 81981284, 81981075, 81981285,
81981206, 81980549, 81981060, 81981272, 81981254, 81981268, 81981076, 81981122, 81981154, 81981168, 81981145, 81981143, 81981123,
81981084, 81981169, 81981124, 81981044, 81981308, 81980048, 81980038, 81980040, 81981127, 81981223, 81981113, 81981486, 81981099,
81981056, 81980938, 81981247, 81981249, 81981248, 81980983, 81980126, 81980667, 81980666, 81981315, 81980884, 81980266, 81981220,
81980967, 81980968, 81980005, 81980974, 81981104, 81980579, 81980930, 81980229, 81981399, 81981100, 81981126, 81980190, 81980186,
81980152, 81981224, 81981495, 81980494, 81981499, 81981463, 81981420, 81981265, 81981270, 81981241, 81981229, 81981524, 81981235,
81981246, 81981163, 81981058, 81981548, 41980069, 41980080, 41980046, 41980082, 41980099, 41980090, 41980100, 41980076, 41980029,
41980084, 41980045, 41980018, 61890069, 61890109, 61890054, 61890055, 51910014, 51910013, 71950044, 71950043, 71950062, 51880015,
61880158, 61880081, 61880163, 61880027, 61880044, 51880012, 61880176, 51880016, 61880012, 61880109, 61880110, 61880007, 61880136,
61880126, 61880088, 61880060, 61880123, 61880146, 61880168, 61880151, 51880006, 51880005, 61880008, 51880014, 61880051, 61880014,
61880159, 61880046, 51880024, 61880119, 61880164, 61880125, 51880007, 51880009, 61880040, 51880017, 61880175, 61880133, 61880039,
61880022, 61880048, 61880030, 61880026, 61880142, 61880029, 61880020, 61880025, 61880141, 51880002, 51880004, 51880018, 61880024,
61880023, 61880122, 61880167, 61880144, 61880074, 61880063, 61880075, 61880130, 61880058, 61880162, 61880135, 61880134, 81890110,
81960107, 81950113, 61890097, 61880112, 81980772, 61880165, 81860011, 81890107, 61840017, 61880153, 61880150, 61940005, 61880082,
71910013, 71940021, 61890113, 71960014, 51980012, 61920010, 81840025, 81840011, 81840018, 81950001, 81950032, 81860048, 81860033,
81860005, 81860013, 81860044, 81880063, 81880007, 81880073, 81880084, 71980036, 71980035, 71980047, 81920010, 81920012, 81890106,
81890100, 81890067, 81890105, 81890103, 81890120, 81890017, 81890082, 81890095, 81890049, 81890090, 81930056, 81930050, 81930066,
81850050, 81901004, 81900014, 81900036, 81900031, 81901006, 81900022, 81900034, 81960160, 81960114, 81870050, 81960019, 81960094,
81940037, 81940002, 81870046, 81910083, 71910025, 81910070, 81910087, 81910097, 81910052, 71910021, 81910078, 81910065, 81910064,
81910043, 81910066, 81910053, 81910041, 81910099, 81910096, 81910108, 81910042, 81970051, 81970085, 81970075, 81970101, 81970031,
81970015, 81970061, 81970057, 41910009, 41910008, 81880040, 81880056, 81880072, 61890104, 41890002, 61890088, 61890121, 61890105,
61890068, 61890078, 61890118, 71890027, 71890028, 71890007, 71890025, 81970034, 81970039, 71940026, 71900015, 71900017, 71850020,
71850016, 71850015, 71850011, 71850022, 71850018, 71860009, 71950067, 71950009, 71950021, 71950026, 71950066, 71950035, 71950023,
71950060, 71950024, 71880036, 71880008, 71880034, 71880014, 71960009, 71960005, 81960068, 71960041, 71930073, 71930052, 71930080,
71930069, 71930079, 71930086, 71930053, 71930089, 71930090, 71930077, 71930082, 71930070, 71910017, 71910006, 71910004, 71910010,
71840004, 71840017, 71840012, 31920049, 31920063, 31920046, 31920043, 31920056, 61880097, 61880103, 61880005, 31880002, 61880177,
31880003, 61880098, 61880087, 61880095, 61920007, 61920036, 61920018, 61920015, 81850053, 81930057, 81930059, 81930052, 81930051,
61840027, 61840021, 61840039, 61840033, 61840036, 61840020, 61840046, 61840023, 61840045, 61840018, 61840014, 61840022, 61840041,
61840006, 61840040, 61840034, 61840043, 61840037, 51980061, 51980059, 51980057, 61900004, 61890019, 61890079, 61890017, 61890015,
61890124, 61890044, 61890108, 61910008, 61910007, 61910014, 61940018, 61940051, 61940019, 61940038, 61940047, 61940045, 81940021,
61950008, 61950049, 61950033, 61950055, 81950065, 61950043, 81950074, 61950037, 81950092, 81950073, 61950053, 61950061, 81950062,
61950001, 61950052, 81950089, 61950054, 81950078, 71950039, 61950002, 61950030, 61950007, 81950068, 81950069, 81950064, 81950097,
81950085, 81950079, 81950063, 81950050, 61950038, 61950009, 81950070, 81950048
]

ORURO=[
81230297, 81230263, 81230299, 81230267, 81230261, 81230229, 81230218, 81230228, 81230221, 81230223, 81230268, 81230269, 81230255,
81230239, 81230219, 81230260, 81230225, 81230277, 81230220, 81230226, 81230230, 81230217, 81230227, 81230222, 81230264, 71230053,
71230052, 71230067, 81220077, 81220091, 81220086, 81220082, 81210040, 81200023, 81130012, 81190007, 81170030, 81100035, 81080024,
81180017, 81150021, 81160044, 81120028, 81140019, 71210001, 71170012, 71180018, 71220002, 61180003, 61150001, 51230008, 81230304,
81230305, 81230256, 81230214, 81230224, 81230150, 81230270, 81230279, 81230265, 81230262, 81230207, 71230064, 81220087, 81210043,
81200024, 81130013, 81190009, 81170032, 81180019, 71170013, 81230133, 81230135, 81230155, 81230285, 81230357, 81230358, 81230322,
81230274, 81230359, 81230125, 81230393, 81230360, 81230385, 81230320, 81230308, 81230197, 81230189, 81230300, 81230242, 81230194,
81230199, 81230387, 81230318, 81230319, 81230326, 81230353, 81230247, 81230165, 81230369, 81230370, 81230099, 81230286, 81230068,
81230067, 51230001, 81230316, 81230086, 81230085, 81230205, 81230134, 81230190, 81230138, 81230140, 81230139, 81230167, 81230160,
81230159, 81230148, 81230314, 81230325, 81230253, 81230291, 81230311, 81230104, 81230323, 81230073, 81230179, 81230172, 81230079,
81230280, 81230098, 81230174, 81230249, 81230096, 81230118, 81230119, 81230070, 81230069, 81230080, 81230081, 81230115, 81230321,
81230107, 81230075, 81230328, 81230077, 81230076, 81230248, 81230124, 81230282, 81230130, 81230129, 81230315, 81230169, 81230170,
81230195, 81230184, 81230185, 81230186, 81230187, 81230193, 81230196, 81230191, 81230176, 81230192, 81230163, 81230162, 81230178,
81230154, 81230153, 81230293, 81230288, 81230235, 81230137, 81230399, 81230156, 81230157, 81230144, 81230143, 81230294, 81230164,
81230287, 81230201, 81230145, 81230151, 81230152, 81230290, 81230246, 81230136, 81230171, 81230298, 81230301, 81230317, 81230258,
81230284, 81230276, 81230278, 81230283, 81230386, 81230275, 81230350, 81230271, 81230303, 81230289, 81230310, 81230203, 81230183,
81230180, 81230116, 81230295, 81230047, 81230307, 81230296, 81230361, 81230367, 81230327, 81230363, 81230324, 81230064, 81230365,
81230364, 81230313, 81230063, 81230398, 81230397, 81230332, 81230330, 81230331, 81230292, 81230097, 81230333, 81230087, 81230088,
81230071, 81230072, 81230306, 81230309, 81230091, 81230083, 81230082, 81230251, 81230177, 81230362, 81230173, 81230114, 81230113,
81230141, 81230142, 81230202, 81230074, 81230302, 81230182, 81230065, 81230066, 81230366, 81230093, 81230092, 81230147, 81230149,
81230120, 81230121, 81230122, 81230131, 81230250, 81230102, 81230259, 81230103, 81230368, 81230128, 81230273, 81230312, 81230089,
81230396, 81230266, 81230127, 81230106, 81230105, 81230117, 81230132, 81230281, 81230084, 81230110, 81230111, 81230146, 81230252,
81230168, 81230166, 81230272, 81230329, 81230245, 81230204, 81230101, 81230100, 81190004, 71230035, 71230065, 71230006, 71230062,
71230003, 71230060, 71230059, 71230016, 71230043, 71230024, 71230010, 71230013, 71230025, 71230023, 71230002, 71230004, 71230063,
71230030, 71230019, 71230009, 71230021, 71230022, 71230001, 71230020, 71230012, 71230007, 71230015, 71230026, 71230027, 71230008,
71230029, 71230031, 71230014, 71230011, 71230017, 81230019, 71230056, 71230041, 71230045, 71230040, 71230038, 71230044, 71230039,
71230068, 71230034, 71230048, 71230061, 71230058, 71230049, 71230018, 71230028, 71230032, 71230033, 81220092, 81220044, 81220068,
81220014, 81220090, 81220075, 81220066, 81220078, 81220070, 81220004, 81220067, 81220023, 81220089, 81220039, 81220019, 81220069,
81220027, 81220073, 81220049, 81220031, 81220046, 81220040, 81220008, 81220047, 81220010, 81220009, 81220013, 81220096, 81220080,
81220050, 81220028, 81220029, 81220003, 81220085, 81220043, 81100022, 81220084, 81220095, 81220024, 81220030, 81220081, 81220002,
81220025, 81220016, 81220056, 81220036, 81220035, 81220053, 81220063, 81220015, 81220048, 81220021, 81220022, 81220060, 81220065,
81220058, 81220055, 81220079, 81220041, 81220042, 81220037, 81220006, 81220076, 81220034, 81220017, 81220012, 81220032, 81220026,
81220059, 81210018, 81210025, 81210017, 81210037, 81210038, 81210029, 81210034, 81210004, 81210035, 81210036, 81210016, 81210028,
81210019, 81210014, 81210008, 81210011, 81210041, 81210001, 81210027, 81210026, 81210006, 81210020, 81210030, 81210010, 81210003,
81210021, 81210031, 81210032, 81200019, 81200014, 81200021, 81200020, 81200004, 81200005, 81200003, 81200011, 81200015, 81200017,
81200009, 81200006, 81200018, 81200022, 81200001, 81200008, 71200014, 81130001, 81130004, 81130006, 81130005, 81130010, 81130002,
81130003, 81130008, 81130011, 81130009, 81130007, 81190005, 81190006, 81170010, 81170011, 81170001, 81170006, 81170003, 81170008,
81170017, 81170016, 81170026, 81170019, 81170024, 81170021, 81170020, 81170029, 81170015, 81170028, 81170031, 81170023, 81170027,
81170025, 81170012, 81170014, 81170002, 81170005, 81100007, 81100028, 81100029, 81100032, 81100012, 81100019, 81100006, 81100011,
81100025, 81100024, 81100014, 81100021, 81100017, 81100015, 81100004, 81100027, 81100008, 81080016, 81080019, 81080021, 81080020,
81080018, 81080008, 81080007, 81080013, 81080009, 81080023, 81080002, 81080001, 81080011, 81090002, 81180002, 81180014, 81180010,
81180013, 81180005, 81180011, 81180016, 81180009, 81180003, 81180015, 81180018, 81180020, 81150019, 81150002, 81150009, 81150022,
81150020, 81150013, 81150007, 81150004, 81150015, 81150012, 81150011, 81150008, 81150010, 81150018, 81160001, 81160004, 81160019,
81160050, 81160049, 81160053, 81160037, 81160036, 81150005, 81160040, 81160024, 81160005, 81160003, 81160014, 81160052, 81160017,
81160015, 81160035, 81160034, 81160039, 81160006, 81160009, 81160012, 81160033, 81160051, 81160027, 81160032, 81160011, 81160048,
81160023, 81110012, 81110015, 81110010, 81110003, 81110029, 81110001, 81110030, 81110019, 81110021, 81110007, 81110014, 81110006,
81110009, 81110005, 81110013, 81110027, 81110028, 81110023, 81110022, 81110002, 81110026, 81110025, 81110017, 81110018, 81110008,
81110032, 81110011, 81110031, 81110020, 81110004, 81120003, 81120016, 81120010, 81120017, 81120013, 81120022, 81120021, 81120009,
81120001, 81120020, 81120006, 81120014, 81120015, 81120011, 81120004, 81140012, 81140018, 81140017, 81140009, 81140008, 81140004,
81140011, 81140020, 81140015, 81140002, 81140014, 81140003, 81140006, 81190001, 81190003, 81120012, 81120018, 81120019, 81120007,
81120002, 81210012, 81210039, 81210007, 81210015, 81210002, 81150003, 81150006, 61230003, 61230020, 61230011, 61230018, 61230019,
61230002, 61230001, 61230010, 61230004, 61230005, 61230014, 81190002, 71170011, 71170010, 71170006, 71170007, 71170009, 71170001,
71170002, 71170003, 71170004, 71170005, 71160002, 81160002, 81160031, 81160030, 81160010, 81160016, 81160008, 71160001, 71180004,
71180002, 71180015, 71180014, 71180009, 71180010, 71180012, 71180013, 81180007, 71180006, 71180011, 71180003, 71180008, 71180001,
71180007, 81100023, 81220062, 81220071, 81220072, 81100031, 81100033, 81100002, 81100016, 81100001, 81100020, 71220001, 81220057,
81090005, 81090004, 71200018, 71200005, 71200016, 71200006, 71200019, 71200009, 71200013, 71200003, 71200011, 71200022, 81180006,
81180001, 71180017, 71180016, 81180012, 71180005, 81180008, 81090003, 81090001, 81150001, 81150016, 81150017, 81190008, 81230034,
81230026, 81230060, 81230055, 81230056, 81230030, 81230033, 51230010, 81230039, 81230044, 81230041, 81230001, 81230009, 81230052,
81230015, 51230004, 81230028, 81230008, 81230051, 81230017, 81230007, 81230002, 81230061, 51230003, 81230011, 81230045, 81230058,
81230057, 81230240, 81230032, 51230002, 81230021, 81230210, 81230012, 81230010, 81230020, 81230050, 81230004, 81230049, 81230042,
81230016, 81230013, 81230053, 81230024, 81230031, 81230006, 81230046, 51230009, 81230029, 81230023, 81230038, 51230005, 81230054,
81230037, 81230022, 81230036, 81230025, 81230005, 81230059, 81230161, 81230078, 81230108, 81230095, 81230236, 81230254, 81230213,
81230241, 81230211, 81230112, 81230188, 81230158, 81230175, 81230094, 81230244, 81230215, 81230109, 81230231, 81230209, 81230212,
81230257, 81230123, 71230046, 71230005, 71230054, 71230042, 71230051, 71230050, 71230037, 71230057, 81220052, 81220007, 81220051,
81220083, 81100005, 81220020, 81220088, 81220001, 81220064, 81220005, 81220045, 81220038, 81210033, 81210022, 81200002, 81200016,
81200007, 81200013, 81200010, 81200012, 81170009, 81170013, 81170018, 81100018, 81220061, 81100010, 81100026, 81100003, 81100013,
81080003, 81080014, 81080010, 81080015, 81080025, 81080022, 81080004, 81080005, 81080012, 81180004, 81160007, 81160029, 81160026,
81160042, 81160022, 81160013, 81160021, 81160041, 81110016, 81110024, 81120025, 81120023, 81120024, 81120008, 81120005, 81140007,
81140001, 81140010, 81140013, 81140005, 81210009, 81210013, 81210005, 81210024, 71170008, 71200010, 71200015, 71200001, 71200004,
71200007, 71200008, 71200021, 71200012, 61180002, 81230035, 81230018, 81230181, 81230243, 81230014, 81230040, 81160038, 71200002

]

POTOSI=[
81480203, 81480110, 81480130, 81480175, 81480237, 81480109, 81480135, 81480108, 81480134, 81480127, 81480240, 81480131, 61480057,
81480212, 81480201, 81480128, 81480202, 81480188, 81480132, 81480133, 51450049, 81360034, 81460121, 81460112, 81400074, 81450114,
81430143, 81430136, 81430140, 81350042, 81380154, 81380163, 81380159, 81380168, 81440137, 71480132, 71480142, 81410137, 81410163,
81470083, 81370078, 81370079, 81420070, 81420083, 81340068, 81340091, 81340090, 71360029, 71410029, 71410028, 71380042, 71380044,
71420047, 71420048, 71460038, 71470051, 71390001, 71450061, 71440063, 71430046, 61480056, 61470046, 61470045, 61470060, 61470052,
61470055, 61450103, 61370015, 61460051, 81480172, 81480176, 81480205, 81480206, 81460113, 71380043, 81420072, 81420071, 81340076,
81480197, 81480250, 81480238, 81480257, 81480239, 81480196, 81480136, 81460124, 81430146, 81380165, 71480146, 81410158, 81470089,
81370093, 81340082, 71380050, 71460040, 71470052, 71450083, 71370075, 71430054, 61470053, 61450117, 61370021, 61460060, 81480049,
81480139, 81480050, 81480065, 81480208, 81480066, 81480069, 81480060, 81480059, 81480063, 81480077, 81480076, 81480071, 81480081,
81480080, 81480082, 81480084, 81480083, 81480144, 81480087, 81480085, 81480099, 81480147, 81480169, 81480236, 81480100, 81480104,
81480075, 81480073, 81480094, 81480095, 81480030, 81480178, 81480158, 81480052, 81480148, 81480047, 81480161, 81480159, 81480164,
81480160, 81480210, 81480051, 81480166, 81480168, 81480122, 81480145, 81480070, 81480184, 81480182, 81480096, 81480209, 81480142,
81480113, 81480114, 81480157, 81480163, 81480207, 81480190, 81480234, 81480078, 81480079, 81480156, 81480213, 61480030, 61480033,
61480029, 61480032, 61480036, 81480211, 81480198, 61480035, 81480194, 81480192, 61480034, 81480216, 61480023, 81480191, 81480183,
61480048, 81480187, 71480032, 71480107, 71480108, 71480105, 71480103, 71480125, 71480106, 71480111, 61480040, 81480189, 71480007,
71480001, 61480041, 61480031, 61480042, 61480043, 61480025, 61480037, 81480251, 71480005, 71480112, 71480003, 81480258, 71480012,
71480004, 71480002, 71480008, 71480006, 61480044, 61480038, 61480039, 71480110, 71480009, 71480109, 81480248, 81480054, 81480055,
81480252, 81480003, 81480002, 81480001, 81480217, 81480074, 81480235, 81480256, 81480253, 81480116, 81480004, 81480005, 81480254,
81480015, 81480016, 81480017, 81480020, 81480018, 81480102, 81480031, 81480032, 81480042, 81480041, 81480155, 81480138, 81480180,
81480141, 81480053, 81480111, 81480112, 81480089, 81480090, 81480088, 81480179, 81480091, 81480092, 81480107, 81480106, 81480215,
81480214, 81480117, 81480115, 81480120, 81480119, 81480123, 81480121, 81480233, 81480126, 81480149, 81480150, 81480072, 81480177,
81480181, 81480249, 81480186, 81480199, 81480200, 81480170, 81480097, 81480010, 81480118, 81480143, 81480067, 81480068, 81480006,
81480105, 81480007, 81480058, 81480057, 81480009, 81480012, 81480011, 81480013, 81480014, 81480022, 81480021, 81480024, 81480023,
81480025, 81480026, 81480027, 81480028, 81480195, 81480033, 81480034, 81480035, 81480036, 81480193, 81480101, 81480038, 81480037,
81480124, 81480040, 81480039, 81480043, 81480044, 81480045, 81480204, 81480046, 81480048, 51450048, 51450042, 51450001, 51450055,
51450014, 51450053, 51450016, 81450052, 51450035, 51450041, 51450017, 51450033, 51450045, 51450018, 51450005, 51450031, 51450023,
51450051, 51450032, 51450029, 51450028, 51450043, 51450006, 51450021, 51450024, 51450002, 51450052, 51450050, 51450030, 51450026,
51450034, 51450022, 51450025, 51450027, 71450045, 71450044, 71450046, 71450051, 51450058, 81450050, 81450066, 51450039, 51450013,
81450058, 51450054, 81450059, 81450053, 51450057, 51450011, 51450044, 51450012, 51450010, 51450009, 51450003, 51450007, 51450047,
51450046, 81410134, 81440066, 81360012, 81360007, 81360029, 81360005, 81360008, 81360028, 81360018, 81360031, 71360024, 81360026,
81360015, 81360019, 71360010, 81360033, 81360011, 81360014, 81360022, 81360020, 81360032, 81360025, 81360024, 81360023, 81360027,
81360021, 81360003, 81360017, 81360002, 81360004, 81360006, 81360001, 81360030, 81460006, 81460001, 81460004, 81460101, 81460120,
81460003, 81460002, 81460034, 81460035, 81460036, 81460033, 71460002, 81460012, 81460039, 81460014, 81460038, 81460115, 81460075,
81460104, 81460094, 81460074, 81460045, 81460098, 81460118, 81460073, 81460076, 81460043, 81460109, 81460125, 81460097, 81460117,
81460049, 81460078, 81460116, 81460095, 81460047, 81460042, 81460077, 81460096, 81460020, 81460110, 81460081, 81460019, 81460080,
81460084, 81460108, 81460079, 81460031, 81460013, 81460064, 81460026, 81460025, 81460063, 81460022, 81460062, 81460114, 81460023,
81460024, 81460067, 81460085, 81460119, 81460090, 81460087, 81460092, 81460088, 81460086, 81460099, 81460106, 81460005, 81460028,
81460060, 81460057, 81460007, 81460055, 81460069, 81460018, 81460021, 81460071, 81460070, 81460052, 81460103, 81460072, 81460105,
81460111, 81460050, 81460068, 81460054, 81460089, 81460029, 81460030, 81460059, 81460058, 81460011, 81460123, 81460056, 81400015,
81400016, 81400014, 81400002, 81400047, 81400036, 81400005, 81400072, 81400007, 81400013, 81400004, 81400059, 81400001, 81400044,
81400037, 81400020, 81400027, 81400035, 81400022, 81400030, 81400043, 81400070, 81400021, 81400041, 81400068, 81400071, 81400025,
81400034, 81400026, 81400039, 81400023, 81400040, 81400029, 81400045, 81400028, 81400061, 81400003, 81400008, 81400042, 81400018,
81400046, 81400055, 81400073, 81450019, 81450018, 81450111, 81450126, 81450023, 81450024, 81450121, 81450045, 81450123, 81450043,
81450128, 81450110, 81450049, 81450042, 81450044, 81450047, 81450041, 81450039, 81450122, 81450040, 81450100, 81450033, 81450020,
81450029, 61450069, 81450117, 81450109, 81450064, 51450040, 81450116, 81450120, 81450098, 81450113, 51450036, 81450002, 81450003,
81450001, 81450051, 81450075, 81450099, 81450084, 51450037, 81450057, 81450124, 81450093, 81450097, 81450037, 81450035, 81450061,
81450055, 81450011, 81450012, 81450103, 81450106, 81450071, 81450073, 81450068, 81450094, 81450070, 81450067, 81450006, 81450101,
81450074, 81450088, 81450089, 81450107, 81450087, 81450065, 81450091, 81450007, 81450005, 81450014, 81450072, 81450115, 81450090,
81450102, 81450004, 61450029, 51450038, 81450080, 81450081, 81450086, 81450119, 81450127, 81450082, 81450077, 81450108, 81450083,
81450076, 81450078, 81450079, 81450125, 81450118, 81450085, 81450027, 81450069, 81450021, 81450028, 81450022, 81450025, 81450026,
81450016, 81450032, 81450048, 81450017, 81450038, 81430087, 81430058, 81430059, 81430071, 81430069, 81430073, 81430038, 81430131,
81430031, 81430035, 81430124, 81430125, 81430036, 81430074, 81430076, 81430041, 81430055, 81430053, 81430054, 81430116, 81430121,
81430018, 81430008, 81430117, 81430128, 81430118, 81430015, 81430014, 81430009, 81430011, 81430012, 81430010, 81430027, 81430025,
81430020, 81430026, 81430078, 81430103, 81430080, 81430079, 81430130, 81430037, 81430039, 81430030, 81430022, 81430029, 81430141,
81430101, 81430111, 81430113, 81430107, 81430108, 81430089, 81430104, 81430090, 81430100, 81430098, 81430132, 81430082, 81430091,
81430106, 81430109, 81430122, 81430094, 81430096, 81430086, 81430088, 81430099, 81430092, 81430097, 81430095, 81430138, 81430102,
81430105, 81430081, 81430077, 81430068, 81430019, 81430129, 81430067, 81430065, 81430066, 81430127, 81430064, 81430021, 81430070,
81430028, 81430024, 81430063, 81430134, 81430045, 81430044, 81430133, 81430046, 81430047, 81430032, 81430034, 81430002, 81430004,
81430033, 81430137, 81430057, 81430006, 81430005, 81430119, 81430135, 81430120, 81430145, 81430142, 81430048, 81430050, 81430001,
81430049, 81430051, 81430003, 81430062, 81430023, 81430060, 81350016, 81350017, 81350010, 81350020, 81350001, 81350036, 81350002,
81350021, 81350011, 81350012, 81350038, 81350004, 81350005, 81350013, 81350006, 81350041, 81350014, 81350009, 81350008, 81350043,
81350007, 81350022, 81380041, 81380032, 81380028, 81380009, 81380010, 81380065, 81380071, 81380137, 81380057, 81380059, 81380058,
81380066, 81380068, 81380147, 81380148, 81380153, 81380167, 71380007, 81380136, 81380135, 81380130, 81380104, 81380160, 81380128,
81380107, 81380105, 71380001, 81380064, 81380063, 81380120, 81380150, 81380090, 81380044, 81380117, 81380091, 81380094, 81380162,
81380118, 81380119, 81380092, 81380102, 81380100, 81380089, 81380156, 81380121, 81380099, 81380152, 81380095, 81380138, 81380158,
81380143, 81380093, 81380126, 81380125, 81380116, 81380127, 81380067, 81380001, 81380141, 81380086, 81380144, 81380087, 81380142,
81380081, 81380083, 81380060, 81380006, 81380005, 81380003, 81380078, 81380062, 81380061, 81380037, 81380036, 81380014, 81380050,
81380035, 81380051, 81380097, 81380096, 81380053, 81380056, 81380026, 81380034, 81380052, 81380013, 81380054, 81380122, 81380098,
81380024, 81380055, 81380049, 81380025, 81380038, 81380023, 81380077, 81380016, 81380020, 81380018, 81380017, 81380140, 81380082,
81380074, 81380079, 81380113, 81380085, 81380088, 81380111, 81380166, 81380132, 81380112, 81380131, 81380114, 81380072, 81380075,
81380080, 81380073, 81380110, 81380076, 81380115, 81380109, 81380084, 81380134, 81380108, 81380106, 81380133, 81380048, 81380029,
81380031, 81380027, 81380002, 81380011, 81380004, 81380039, 81380151, 81380008, 81380043, 81380164, 81380047, 81380145, 81380007,
81380040, 81380012, 81380045, 81380046, 81400051, 81400048, 81330001, 81400049, 81330002, 81400053, 81400050, 81400052, 81390010,
81390011, 81390028, 81390002, 81390012, 81390004, 81390006, 81390008, 81390005, 81390027, 81390001, 81390003, 81390007, 81390009,
81440024, 81440114, 81440112, 81440135, 81440088, 81440089, 81440013, 81440096, 81440123, 81440119, 81440118, 81440097, 81440117,
81440111, 81440109, 81440094, 81440098, 81440122, 81440120, 81440141, 81440108, 81440091, 81440113, 81440092, 81440116, 81440012,
81440064, 81440136, 81440023, 81440133, 81440016, 81440017, 81440134, 81440018, 81440127, 81440022, 81440025, 81440139, 81440019,
81440130, 81440021, 81440040, 81440047, 81440043, 81440076, 81440086, 81440075, 81440078, 81440085, 81440083, 81440081, 81440009,
81440080, 81440050, 81440124, 81440082, 81440087, 81440069, 81440038, 81440059, 81440065, 81440131, 81440057, 81440068, 81440138,
81440079, 81440062, 81440077, 81440070, 81440058, 81440029, 81440067, 81440061, 81440033, 81440093, 81440007, 81440036, 81440028,
81440032, 81440031, 81440004, 81440101, 81440030, 81440003, 81440005, 81440106, 81440034, 81440100, 81440099, 81440107, 81440071,
81440008, 81440006, 81440073, 81440027, 81440102, 81440014, 81440074, 81440015, 81440001, 81440105, 81440011, 81440010, 81440072,
81440132, 81440103, 81440035, 81440002, 81440042, 81440054, 81440052, 81440051, 81440044, 81440046, 81440048, 81440037, 81440039,
81440055, 81440056, 81440045, 81440041, 81440115, 81440095, 71480061, 71480031, 71480102, 71480094, 71480093, 71480064, 71480014,
71480123, 71480013, 71480033, 71480091, 71480017, 71480030, 71480077, 71480055, 71480082, 71480099, 71480016, 71480121, 71480066,
71480122, 71480068, 71480025, 71480128, 71480113, 71480114, 71480036, 71480115, 71480024, 71480073, 71480015, 71480072, 71480140,
71480144, 71480067, 71480136, 71480080, 71480087, 71480079, 71480021, 71480043, 71480048, 71480010, 71480138, 71480053, 71480076,
71480081, 71480057, 71480135, 71480126, 71480100, 71480047, 71480097, 71480052, 71480095, 71480139, 71480034, 71480046, 71480050,
71480089, 71480124, 71480051, 71480039, 71480037, 61480013, 71480045, 71480054, 71480041, 71480058, 71480027, 71480086, 71480129,
71480042, 71480026, 71480022, 71480023, 71480120, 71480062, 71480145, 71480059, 71480049, 61480006, 61480007, 71480143, 71480119,
71480092, 71480044, 71480056, 71480069, 71480071, 71480060, 71480063, 71480084, 71480075, 71480019, 71480078, 71480130, 71480137,
71480040, 71480038, 71480134, 71480028, 71480131, 71480018, 71480096, 71480020, 71480065, 81410128, 81410037, 81410153, 81410028,
81410032, 81410036, 81410034, 81410149, 81410027, 81410033, 81410031, 81410035, 81410030, 81410039, 81410026, 81410086, 81410071,
81410009, 81410067, 81410070, 81410054, 81410146, 81410051, 81410053, 81410127, 81410048, 81410050, 81410057, 81410159, 81410049,
81410152, 81410150, 81410068, 81410016, 81410041, 81410038, 81410167, 81410046, 81410045, 81410125, 81410042, 81410043, 81410047,
81410114, 81410102, 81410154, 81410118, 81410015, 81410119, 81410117, 81410123, 81410156, 81410103, 81410120, 81410122, 81410089,
81410115, 81410109, 81410108, 81410101, 81410113, 81410019, 81410133, 81410112, 81410090, 81410116, 81410161, 81410106, 81410110,
81410107, 81410077, 81410065, 81410063, 81410073, 81410151, 81410072, 81410061, 81410078, 81410088, 81410111, 81410083, 81410085,
81410084, 81410060, 81410059, 81410080, 81410074, 81410129, 81410075, 81410076, 81410162, 81410029, 81410062, 81410064, 81410005,
81410006, 81410007, 81410023, 81410018, 81410021, 81410011, 81410008, 81410160, 81410003, 81410145, 81410025, 81410014, 81410087,
81410126, 81410020, 81410013, 81410004, 81410017, 81410010, 81410001, 81410002, 81410012, 81410132, 81410131, 81410124, 81410091,
81410095, 81410093, 81410100, 81410097, 81410098, 81410096, 81410092, 81410099, 81470013, 81470012, 81470032, 81470011, 81470010,
81470009, 81470023, 81470080, 81470085, 81470054, 81470066, 81470055, 81470082, 81470051, 81470062, 81470060, 81470077, 81470065,
81470079, 81470052, 81470063, 81470061, 81470006, 81470087, 81470053, 81470033, 81470084, 81470075, 81470058, 81470056, 81470064,
81470057, 81470059, 81470036, 81470081, 81470005, 81470074, 81470043, 81470028, 81470037, 81470038, 81470050, 81470044, 81470003,
81470035, 81470030, 81470048, 81470046, 81470047, 81470002, 81470001, 81470069, 81470041, 81470007, 81470040, 81470031, 81470027,
81470008, 81470026, 81470019, 81470073, 81470020, 81470021, 81470016, 81470015, 81470022, 81470004, 81370020, 81370042, 81370039,
81370045, 81370040, 81370073, 81370023, 81370003, 81370002, 81370001, 81370090, 81370066, 81370091, 81370053, 81370033, 81370052,
81370015, 81370083, 81370081, 81370006, 81370072, 81370067, 81370011, 81370010, 81370012, 81370063, 81370009, 81370007, 81370005,
81370097, 81370095, 81370065, 81370004, 81370086, 81370047, 81370068, 81370008, 81370027, 81370085, 81370046, 81370074, 81370087,
81370025, 81370029, 81370089, 81370028, 81370055, 81370026, 81370070, 81370049, 81370016, 81370037, 81370017, 81370036, 81370084,
81370054, 81370048, 81370018, 81370031, 81370030, 81370021, 81370092, 81370075, 81420052, 81420009, 81420006, 81420010, 81420031,
81420053, 81420061, 81420039, 81420045, 81420025, 81420029, 81420085, 81420084, 81420057, 81420056, 71420014, 81440121, 81420063,
81420041, 81420007, 81420015, 81420001, 81420082, 81420073, 81420086, 81420030, 81420044, 81420040, 81420054, 81420075, 81420028,
81420016, 81420027, 81420043, 81420008, 81420026, 81420062, 81420021, 81420014, 81420074, 81420055, 81420050, 81420032, 81420002,
81420081, 81420022, 81420024, 81420067, 81420068, 81420078, 81420005, 81420004, 81420003, 81420034, 81420060, 81420048, 81420035,
81420066, 81420047, 81420076, 81420049, 81420017, 81420038, 81420077, 81420037, 81420018, 81420042, 81420033, 81420051, 81420013,
81420080, 81420023, 81420020, 81420012, 81420046, 81340085, 81340002, 81340017, 81340083, 81340065, 81340013, 81340005, 81340073,
81340077, 81340041, 81340067, 81340079, 81340009, 81340080, 81340003, 81340014, 81340066, 81340008, 81340023, 81340022, 81340020,
81340012, 81340084, 81340070, 81340033, 81340047, 81340042, 81340034, 81340062, 81340025, 81340029, 81340037, 81340035, 81340021,
81340026, 81340044, 81340031, 81340049, 81340030, 81340078, 81340006, 81340010, 81340004, 81340007, 81340011, 81340001, 81340032,
81340054, 81340053, 81340081, 81340055, 81340019, 81340027, 81340069, 81340058, 81340046, 81340016, 81340057, 81340051, 81340056,
81340045, 81340039, 81340024, 81340038, 81340050, 81340063, 81340028, 81340061, 81340048, 81340036, 81340018, 81340071, 81340043,
81340040, 81340052, 71360001, 71360025, 71360007, 71360005, 81360010, 71360021, 71360017, 71360004, 71360020, 71360011, 71360018,
71360027, 71360026, 71360006, 71360019, 71360012, 71360015, 71360023, 71360022, 71360008, 71360009, 71360002, 71360016, 71410004,
71410002, 71410001, 71410024, 71410022, 71410026, 71410020, 71410012, 71410021, 71410031, 71410009, 71410016, 71410015, 71410011,
71410025, 71410032, 71410037, 71410014, 71410035, 71410005, 71410010, 71410033, 71410019, 71410008, 71410007, 71380028, 71380013,
71380015, 71380034, 71380035, 71380014, 71380036, 71380005, 71380004, 71380012, 71380009, 71380010, 71380011, 71380041, 71380038,
71380037, 71380048, 71380047, 71380030, 71380027, 71380006, 71380031, 71380008, 71380032, 71380045, 71380033, 71380039, 71380023,
71380020, 71380016, 71420019, 71420015, 71420045, 71420026, 71420027, 71420029, 71420049, 71420004, 71420012, 71420041, 71420043,
71420033, 71420035, 71420036, 71420005, 71420032, 71420038, 71420040, 71420034, 71420037, 71420018, 71420046, 71420016, 71420023,
71420021, 71420022, 71420030, 71420017, 71420020, 71420031, 71420013, 71420008, 71420044, 71420001, 71420011, 71420003, 71420010,
71420007, 71420002, 71420028, 71460004, 71460025, 71460027, 71460003, 71460022, 71460013, 71460008, 71460041, 71460010, 71460018,
71460028, 71460037, 71460034, 71460012, 71460009, 71460020, 71460021, 71460024, 71460014, 71460006, 71460001, 71460031, 71460017,
71460039, 71460035, 71460019, 71460032, 71460030, 71460029, 71460011, 71460023, 71470048, 71470038, 71470004, 71470035, 71470032,
71470007, 71470043, 71470006, 71470011, 71470014, 71470026, 71470037, 71470029, 71470001, 71470023, 71470022, 71470010, 71470005,
71470003, 71470040, 71470002, 71470015, 71470020, 71470044, 71470009, 71470025, 71470008, 71470021, 71470039, 71470031, 71470050,
71470027, 71470013, 71470017, 71470019, 71470018, 71470024, 71470012, 71470036, 71470016, 71470030, 71470034, 71470049, 71470028,
81390020, 81390021, 81390023, 81390024, 81390025, 81390022, 71450027, 71450007, 71450033, 71450006, 71450060, 71450057, 71450032,
71450030, 71450029, 71450068, 71450004, 71450080, 71450023, 71450020, 71450021, 71450065, 71450069, 71450072, 71450073, 71450071,
71450070, 71450078, 71450056, 71450052, 71450049, 71450053, 71450048, 71450064, 71450062, 71450047, 71450011, 71450001, 71450081,
71450017, 71450018, 71450009, 71450013, 71450063, 71450014, 71450015, 71450010, 71450055, 71450066, 71450005, 71450042, 71450067,
71450028, 71450026, 71450038, 71450077, 71450034, 71450035, 71450075, 71450079, 71450059, 71450008, 71450074, 71450002, 71450031,
71450040, 71450041, 71450003, 81400012, 81400019, 71400002, 71400001, 71400007, 71400003, 81350030, 71350001, 81350033, 81350034,
81350029, 81350018, 71350003, 71350002, 81350025, 81350024, 81350028, 81350026, 81350032, 81350027, 71370011, 71370006, 71370003,
71370070, 71370034, 71370062, 71370024, 71370064, 71370008, 71370029, 71370054, 71370030, 71370047, 71370038, 71370066, 71370067,
71370021, 71370063, 71370025, 71370026, 71370046, 71370050, 71370056, 71370018, 71370015, 71370049, 71370013, 71370055, 71370060,
71370053, 71370048, 71370014, 71370069, 71370052, 71370022, 71370019, 71370068, 71370020, 81370058, 81370062, 81370061, 71370051,
81370082, 81370057, 81370059, 81370043, 81370071, 71370041, 71370065, 71370042, 71370061, 71370005, 71370044, 71370001, 71370059,
71370045, 81370022, 71370071, 71370004, 71370010, 71370058, 71370040, 71370023, 71360013, 71440050, 71440047, 71440048, 71440045,
71440059, 71440049, 71440051, 71440016, 71440062, 71440013, 71440014, 71440017, 71440032, 71440061, 71440029, 71440030, 71440028,
71440015, 71440011, 71440033, 71440038, 71440002, 71440058, 71440004, 71440003, 71440007, 71440064, 71440009, 71440052, 71440006,
71440010, 71440044, 71440036, 71440042, 81440104, 71440023, 71440039, 71440012, 71440005, 71440055, 71440054, 71440024, 71440018,
71440021, 71440020, 71440027, 71440022, 71440019, 71440066, 71440031, 71440057, 71440035, 71440046, 71440040, 71440041, 71440034,
71440037, 71440043, 71360014, 71440001, 71440056, 71440060, 71430016, 71430028, 71430032, 71430009, 71430036, 71430033, 71430031,
71430035, 71430011, 71430030, 71430010, 71430042, 71430041, 71430027, 71430040, 71430015, 71430012, 71430050, 71430038, 71430020,
71430044, 71430014, 71430037, 71430013, 71430021, 71430004, 71430001, 71430006, 71430043, 71430002, 71430039, 71430025, 71430007,
71430047, 71430008, 71430026, 71430023, 71430056, 71430053, 71430024, 71430049, 71430019, 71430022, 71430052, 71430003, 71430051,
71430057, 61480015, 61480003, 61480012, 61480045, 61480017, 61480053, 61480051, 61480022, 61480019, 61480046, 61480001, 61480047,
61480058, 61480004, 61480016, 61480050, 61480049, 61480009, 61480052, 61480008, 61480054, 61470054, 61470035, 61470032, 61470038,
81470024, 61470018, 61470029, 61470023, 61470024, 61470017, 61470026, 61470019, 61470020, 71470041, 61470022, 61470025, 61470030,
61470043, 61470010, 61470016, 61470044, 61470007, 61470008, 61470006, 61470002, 61470014, 61470005, 61470051, 61470003, 61470059,
61470009, 61470012, 61470011, 61470042, 61470050, 61470004, 61470015, 61470056, 61470001, 61470013, 61470034, 61470041, 61470027,
61450065, 61450061, 61450115, 61450055, 61450082, 61450081, 61450114, 61450078, 61450084, 61450086, 61450068, 61450073, 61450076,
61450116, 61450007, 61450012, 61450003, 61450010, 61450057, 61450058, 61450083, 61450093, 61450087, 61450110, 61450089, 61450111,
61450090, 61450092, 61450053, 61450005, 61450052, 61450072, 61450071, 61450108, 61450002, 61450001, 61450008, 61450013, 61450015,
61450035, 61450036, 61450049, 61450037, 61450038, 61450047, 61450027, 61450094, 61450033, 61450016, 61450054, 61450096, 61450030,
61450034, 61450019, 61450021, 61450023, 61450085, 61450014, 61450106, 61450119, 61450107, 61450004, 61450011, 61450075, 61450032,
61450040, 61450031, 61450042, 61450006, 61450025, 61450018, 61450051, 61450046, 61450028, 61450095, 61450017, 61450024, 61450041,
61450044, 61450050, 61450043, 61450045, 61450022, 61450048, 61450059, 61450109, 61450056, 61370016, 61370006, 61370010, 61370017,
61370005, 61370018, 61370001, 61370008, 61370003, 61370002, 61370007, 61370011, 61370012, 61370013, 81390017, 81390015, 81390016,
61390002, 81390013, 61390001, 81390014, 81390019, 81390018, 61460021, 61460020, 61460047, 61460011, 61460008, 61460045, 61460024,
61460058, 61460023, 61460035, 61460029, 61460053, 61460038, 61460033, 61460018, 61460036, 61460037, 81460066, 61460052, 61460004,
61460032, 61460057, 61460009, 61460044, 61460043, 61460015, 61460019, 81460065, 61460050, 71480101, 61460027, 61460016, 61460005,
61460013, 61460048, 61460034, 61460031, 61460039, 61460055, 61460059, 61460030, 61460041, 61460054, 61460040, 61460001, 61460006,
61460012, 61460028, 61460026, 61460002, 61460007, 61460042, 61460014, 51480007, 51480002, 51480001, 51480003, 81480259, 81480260,
81430149, 81380169, 61450121, 61450120, 61370022, 81480165, 81480171, 81480174, 81480019, 81480185, 81480061, 81480062, 81480151,
81480162, 81480167, 81480173, 81480152, 81480232, 81480231, 81480098, 81480008, 81480056, 81480137, 71480011, 51450019, 51450020,
51450015, 51450004, 81460017, 81460082, 81460083, 81460008, 81460044, 81460061, 81460053, 81460009, 81460041, 81460037, 81460048,
81460093, 81460016, 81460010, 81460032, 81460100, 81460091, 81460027, 81460015, 81460040, 81400067, 81400066, 81400069, 81400064,
81400060, 81400054, 81450096, 81450008, 81450112, 81450095, 81450010, 81450092, 81450130, 81450030, 81450034, 81450046, 81450015,
81450013, 81450009, 81430093, 81430007, 81430075, 81430042, 81430056, 81430139, 81430061, 81430040, 81430144, 81430017, 81430084,
81430114, 81430072, 81430110, 81430085, 81430083, 81430123, 81350035, 81350015, 81380069, 81380042, 81380030, 81380161, 81380103,
81380129, 81380022, 81380019, 81380021, 81380123, 81380155, 81380101, 81380124, 81380139, 81380149, 81380015, 81380033, 81380157,
81380070, 81440026, 81440053, 71480098, 71480141, 71480088, 71480083, 71480070, 71480074, 71480133, 71480127, 81410082, 81410024,
81410022, 81410157, 81410138, 81410136, 81410094, 81410055, 81410155, 81410147, 81410044, 81410148, 81410104, 81410121, 81410079,
81410105, 81410081, 81410135, 81410069, 81410056, 81470034, 81470017, 81470014, 81470086, 81470045, 81470039, 81470018, 81470049,
81470029, 81470072, 81470025, 81370069, 81370051, 81370032, 81370035, 81370038, 81370088, 81370024, 81370050, 81370077, 81370080,
81370013, 81420011, 81420069, 81420064, 81420079, 81420059, 81420058, 81420019, 81420036, 81420065, 81340060, 81340059, 81340064,
81340015, 81340074, 81340075, 71360028, 81360009, 71410023, 71410003, 71410018, 71410038, 71410017, 71410036, 71410034, 71410030,
71380022, 71380021, 71380029, 71380024, 71380018, 71380019, 71380017, 71380046, 71420009, 71420006, 71420025, 71420024, 71420042,
71460007, 71460026, 71460016, 71460033, 71460015, 71460036, 71450054, 71450076, 51450008, 71450019, 71450037, 71450016, 71450036,
71450012, 71450043, 71450050, 71450039, 71450058, 81350031, 81350019, 71370036, 71370016, 71370017, 71370009, 71370035, 71370031,
71370028, 71370027, 71370033, 71370039, 71370037, 81370060, 71370073, 71370032, 71370007, 71370072, 71440025, 71440008, 71440026,
71430045, 71430018, 71430048, 71430005, 71430034, 71430029, 61480011, 61480002, 61480005, 61480028, 61480027, 61480018, 61480021,
61480026, 61480014, 61480055, 61480010, 61470037, 61470028, 61470049, 71470042, 61470021, 61470031, 71470033, 61470036, 61470039,
61470033, 61450112, 61450062, 61450077, 61450104, 61450070, 61450067, 61450080, 61450039, 61450088, 61450105, 61450009, 61450091,
61450079, 61450063, 61450026, 61450074, 61450020, 61450066, 61450060, 61450064, 61370019, 61370014, 61460046, 61460010, 61460056,
61460025, 61460022, 61460003, 61460017, 51480006, 51480005, 71370043, 61450099, 81430115, 81410040
]

CHUQUISACA=[
80480245, 80480246, 80480286, 80480270, 80480256, 80480271, 80480255, 80480247, 80480369, 80480251, 80480277, 80480272, 80480300,
80480303, 80480287, 80480188, 80480301, 80480362, 80480358, 80480187, 80480341, 80480299, 50460028, 50450001, 80470042, 80420064,
80440068, 80440090, 80390042, 80390035, 80450047, 80450056, 80450059, 80450055, 80430078, 80430081, 80430080, 80400017, 80410043,
80410047, 70480032, 70480036, 70480038, 70480035, 70480039, 80460025, 80460028, 40450033, 40450031, 70400066, 70400062, 70440043,
70440031, 60480060, 70460029, 70420113, 70420123, 70420119, 70420128, 70470053, 70470050, 70470051, 70450022, 60420070, 60420076,
60420072, 60420079, 60400028, 60390023, 60460028, 60460026, 90490001, 60450024, 60450020, 80480240, 80480186, 80480273, 80480184,
80480309, 80480308, 80480295, 80480189, 80480162, 80390040, 80450053, 80410053, 70390012, 70430026, 60450021, 60450023, 80480321,
80480249, 80480250, 80480305, 80480248, 50460031, 50450002, 80470045, 80420062, 80440088, 80390041, 80450058, 80450057, 80400018,
80410055, 70480040, 40450032, 70400067, 70420127, 70470054, 60420078, 60420077, 60400029, 60390024, 60460029, 60450025, 80480244,
80480269, 80480180, 80480173, 80480230, 80480080, 80480161, 80480078, 80480258, 80480307, 80480064, 80480066, 80480179, 80480076,
80480048, 80480292, 80480040, 80480024, 80480168, 80480039, 80480012, 80480264, 80480010, 80480009, 80480095, 80480152, 80480098,
80480119, 80480177, 80480123, 80480243, 80480137, 80480091, 80480134, 80480136, 80480143, 80480155, 80480089, 80480096, 80480262,
80480115, 80480144, 80480090, 80480266, 60480024, 80480360, 80480116, 80480107, 80480088, 80480145, 80480149, 80480176, 80480125,
80480130, 80480297, 80480296, 80480147, 80480346, 80480253, 80480093, 80480129, 80480128, 80480159, 80480158, 80480275, 80480311,
80480099, 80480106, 80480265, 80480092, 80480191, 80480100, 80480268, 80480131, 80480121, 80480094, 80480103, 80480120, 80480140,
80480175, 80480124, 80480127, 80480105, 80480118, 80480132, 80480022, 80480021, 80480345, 80480013, 80480016, 80480017, 80480282,
80480317, 80480280, 80480290, 80480043, 80480164, 80480196, 80480197, 80480002, 80480357, 80480366, 80480058, 80480172, 80480363,
80480165, 80480018, 80480052, 80480034, 80480035, 80480044, 80480045, 80480160, 80480079, 80480077, 80480174, 80480059, 80480217,
80480042, 80480252, 80480167, 80480312, 80480316, 80480200, 80480226, 80480190, 80480221, 80480060, 80480274, 80480075, 80480276,
80480207, 80480219, 80480087, 80480238, 80480061, 80480062, 80480063, 80480263, 80480242, 80480288, 80480203, 80480302, 80480319,
80480150, 80480213, 80480315, 80480348, 80480328, 80480349, 80480338, 80480327, 80480036, 80480283, 80480199, 80480209, 80480347,
80480072, 80480050, 80480171, 80480083, 80480037, 80480166, 80480361, 80480008, 80480237, 80480032, 80480228, 80480104, 80480085,
80480046, 80480193, 80480071, 80480070, 80480074, 80480073, 80480208, 80480205, 80480218, 80480261, 80480192, 80480204, 80480281,
80480293, 80480291, 80480151, 80480278, 80480212, 80480284, 80480114, 80480154, 80480318, 80480298, 80480113, 80480084, 80480289,
80480279, 80480285, 80480241, 80480294, 80480216, 80480367, 80480365, 80480322, 80480323, 80480325, 80480326, 80480324, 80480051,
80480236, 80480359, 80480069, 80480206, 80480019, 80480020, 80480015, 80480170, 80480014, 80480030, 80480031, 80480163, 80480183,
80480005, 80480006, 80480082, 80480004, 80480053, 80480054, 50460030, 50460004, 50460014, 50460007, 50460025, 50460011, 50460022,
50460006, 50460003, 50460027, 50460002, 50460001, 50460016, 50460019, 50460023, 50460029, 50460020, 50460026, 50460008, 50460013,
50460017, 50460005, 50460015, 50460021, 50460018, 40450011, 40450010, 40450009, 40450006, 40450021, 40450014, 40450027, 40450020,
40450022, 40450012, 80470019, 80470027, 80470028, 80470029, 80470030, 80470007, 80470035, 80470016, 80470023, 80470025, 80470026,
80470031, 80470034, 80470033, 80470039, 80470032, 80470038, 80470044, 80470002, 80470004, 80470010, 80470037, 80470022, 80470024,
80470040, 80470001, 80470003, 80470005, 80470006, 80470009, 80470043, 80470014, 80470011, 80470015, 80470036, 80470041, 80470020,
80470021, 80420027, 80420002, 80420042, 80420024, 80420005, 80420009, 80420019, 80420010, 80420008, 80420004, 80420032, 80420060,
80420045, 80420018, 80420036, 80420054, 80420050, 80420049, 80420051, 80420061, 80420047, 80420055, 80420020, 80420039, 80420041,
80420025, 80420065, 80420021, 80420038, 80420013, 80420007, 80420035, 80420014, 80420034, 80420037, 80420026, 80420058, 80420017,
80420028, 80420043, 80420011, 80420015, 80420031, 80420029, 80420030, 80420012, 80420046, 80420033, 80420044, 80420059, 80420003,
80420006, 80440084, 80440043, 80440037, 80440035, 80440082, 80440021, 80440040, 80440027, 80440009, 80440013, 80440004, 80440055,
80440054, 80440069, 80440042, 80440085, 80440030, 80440023, 80440008, 80440018, 80440016, 80440031, 80440041, 80440033, 80440086,
80440026, 80440014, 80440007, 80440015, 80440005, 80440081, 80440050, 80440046, 80440044, 80440045, 80440036, 80440034, 80440024,
80440032, 80440070, 80440053, 80440047, 80440079, 80440012, 80440011, 80440010, 80440025, 80440003, 80440002, 80440058, 80440061,
80440062, 80440093, 80440063, 80440064, 80440067, 80440060, 80440059, 80440052, 80440017, 80440071, 80440065, 80440051, 80440080,
80440020, 80440038, 80440028, 80440073, 80440087, 80440056, 80440019, 80440091, 80440083, 80440039, 80440006, 80440089, 80390024,
80390003, 80390031, 80390030, 80390029, 80390020, 80390027, 80390028, 80390001, 80390015, 80390037, 80390010, 80390012, 80390034,
80390008, 80390023, 80390039, 80390036, 80390007, 80390009, 80390011, 80390013, 80390014, 80390032, 80390019, 80390025, 80390038,
80390033, 80390006, 80390026, 80450016, 80450015, 80450049, 80450014, 80450006, 80450004, 80450002, 80450036, 80450017, 80450050,
80450029, 80450001, 80450028, 80450025, 80450013, 80450040, 80450010, 80450009, 80450008, 80450003, 80450037, 80450011, 80450035,
80450034, 80450033, 80450032, 80450031, 80450007, 80450030, 80410019, 80450044, 80450060, 80450045, 80450038, 80450041, 80450005,
80450042, 80450051, 80450043, 80450027, 80450026, 80450024, 80450023, 80450052, 80450022, 80450021, 80450020, 80450019, 80450018,
80430013, 80430001, 80430016, 80430019, 80430003, 80430004, 80430006, 80430067, 80430007, 80430014, 80430020, 80430023, 80430025,
80430077, 80430026, 80430030, 80430028, 80430032, 80430035, 80430036, 80430042, 80430048, 80430043, 80430049, 80430050, 80430079,
80430054, 80430056, 80430058, 80430064, 80430055, 80430002, 80430009, 80430018, 80430074, 80430022, 80430027, 80430017, 80430040,
80430041, 80430071, 80430047, 80430063, 80430061, 80430062, 80430052, 80430046, 80430075, 80430039, 80430012, 50460012, 80430031,
80430053, 80430033, 80430045, 80430065, 80400005, 80400011, 80400006, 80400015, 80400002, 80400009, 80400014, 80400013, 80400008,
80400001, 80400004, 80400007, 80400003, 80410026, 80410029, 80410038, 80410033, 80410044, 80410016, 80410005, 80410054, 80410034,
80410028, 80410004, 80410041, 80410002, 80410020, 80410024, 80410032, 80410011, 80410042, 80410027, 80410030, 80410022, 80410035,
80410014, 80410025, 80410015, 80410037, 80410013, 80410039, 80410021, 80410003, 80410049, 80410046, 80410017, 80410008, 80410031,
80410010, 80410056, 80410001, 80410012, 80410009, 80410057, 80410006, 70480014, 70480027, 70480025, 70480004, 70480003, 70480016,
70480009, 70480024, 70480026, 70480037, 70480012, 70480015, 70480019, 70480031, 70480018, 70480002, 70480020, 70480028, 70480030,
70480029, 70480006, 70480007, 70480010, 70480011, 70480041, 80460014, 80460001, 80460003, 80460017, 80460015, 80460018, 80460002,
80460010, 80460013, 80460023, 80460022, 80460027, 80460021, 80460029, 80460016, 80460011, 80460009, 80460008, 80460007, 80460020,
80460005, 80460004, 40450001, 40450003, 40450029, 40450017, 40450028, 40450019, 40450013, 40450005, 40450007, 40450016, 40450008,
40450015, 40450004, 40450002, 70400028, 70400048, 70400045, 70400038, 70400036, 70400024, 70400022, 70400015, 70400009, 70400006,
70400016, 70400043, 70400042, 70400061, 70400040, 70400063, 70400037, 70400011, 70400010, 70400020, 70400035, 70400027, 70400034,
70400018, 70400055, 70400026, 70400065, 70400031, 70400019, 70400033, 70400032, 70400030, 70400064, 70400058, 70400004, 70400003,
70400046, 70400029, 70400056, 70400012, 70400060, 70400007, 70400051, 70400047, 70400005, 70400021, 70400057, 70400017, 70400014,
70400053, 70400052, 70400054, 70400059, 70400050, 70400049, 70400044, 70400041, 70400039, 70400025, 70400013, 70400002, 70400023,
70400008, 70400001, 70440017, 70440037, 70440041, 70440018, 70440042, 70440038, 70440012, 70440028, 70440027, 70440008, 70440013,
70440036, 70440049, 70440016, 70440026, 70440015, 70440003, 70440021, 70440007, 70440014, 70440033, 70440019, 70440046, 70440022,
70440024, 70440047, 70440034, 70440040, 70440032, 70440002, 70440029, 70440039, 70440035, 70440011, 70440030, 70440010, 70440045,
70440048, 70440006, 70390010, 70390004, 70390003, 70390005, 70390001, 70390009, 70390002, 70390017, 70390022, 70390021, 60480017,
60480049, 60480025, 60480026, 60480062, 60480056, 60480032, 60480029, 60480042, 60480039, 60480021, 60480044, 60480020, 60480043,
60480019, 60480057, 60480041, 60480030, 60480023, 60480018, 60480014, 60480009, 60480001, 60480055, 60480051, 60480050, 60480053,
60480022, 80480112, 60480052, 60480002, 60480011, 60480046, 60480013, 60480031, 60480061, 60480027, 60480035, 60480033, 60480054,
80480233, 60480037, 60480059, 60480015, 60480045, 60480005, 60480007, 60480028, 60480010, 60480036, 80480047, 60480003, 60480058,
60480004, 60480006, 60480008, 60480048, 60480012, 60480016, 70460017, 70460010, 70460025, 70460015, 70460011, 70460012, 70460028,
70460016, 70460007, 70460023, 70460024, 70460006, 70460004, 70460032, 70460027, 70460021, 70460013, 70460020, 70460033, 70460002,
70460019, 70460030, 70460022, 80460024, 70460031, 70460001, 70460018, 70460005, 70460003, 70460008, 70460026, 70420041, 70420107,
70420045, 70420048, 70420049, 70420125, 70420053, 70420054, 70420124, 70420111, 70420057, 70420081, 70420082, 70420095, 70420050,
70420098, 70420032, 70420100, 70420070, 70420061, 70420015, 70420022, 70420027, 70420031, 70420028, 70420116, 70420018, 70420016,
70420046, 70420115, 70420052, 70420002, 70420126, 70420064, 70420076, 70420011, 70420077, 70420075, 70420010, 70420007, 70420058,
70420065, 70420078, 70420089, 70420090, 70420091, 70420096, 70420019, 70420029, 70420106, 70420014, 70420118, 70420017, 70420068,
70420103, 70420023, 70420042, 70420114, 70420026, 70420020, 70420013, 70420040, 70420034, 70420072, 70420055, 70420056, 70420066,
70420071, 70420073, 70420108, 70420085, 70420069, 70420088, 70420099, 70420101, 70420102, 70420001, 70420117, 70420024, 70420038,
70420039, 70420044, 70420120, 70420062, 70420063, 70420121, 70420079, 70420084, 70420087, 70420092, 70420086, 70420008, 70420122,
70420067, 70420012, 70420025, 70420033, 70420035, 70420021, 70420051, 70420037, 70420059, 70420060, 70420074, 70420080, 70420093,
70470031, 70470003, 70470011, 70470005, 70470009, 70470044, 70470037, 70470048, 70470038, 70470047, 70470001, 70470049, 70470021,
70470008, 70470022, 70470014, 70470016, 70470018, 70470036, 70470046, 70470020, 70470010, 70470023, 70470006, 70470024, 70470028,
70470004, 70470052, 70470015, 70470007, 70470019, 70470025, 70470034, 70470030, 70470033, 70470041, 50460009, 70470055, 50460024,
70470035, 70470026, 70470013, 70470029, 70470012, 70470032, 60450001, 70450001, 70450002, 70450006, 70450003, 70450004, 70450005,
70450007, 70450008, 70450020, 70450009, 70450010, 70450011, 70450012, 70450021, 70450014, 70450019, 70450017, 70450015, 70450023,
70450018, 70430018, 70430006, 70430002, 70430001, 70430008, 70430005, 70430012, 70430013, 70430015, 70430016, 70430020, 70430004,
70430022, 70430010, 70430011, 70430017, 70430021, 70430024, 70430023, 80430015, 70430025, 80430021, 80430044, 70430027, 60420034,
60420055, 60420001, 60420006, 60420002, 60420036, 60420005, 60420037, 60420007, 60420009, 60420008, 60420059, 60420039, 60420013,
60420023, 60420024, 60420026, 60420029, 60420030, 60420075, 60420040, 60420047, 60420051, 60420068, 60420066, 60420052, 60420053,
60420057, 60420080, 60420058, 60420073, 60420017, 60420054, 60420003, 60420067, 60420014, 60420016, 60420022, 60420025, 60420056,
60420015, 60420069, 60420041, 60420042, 60420045, 60420046, 60420061, 60420010, 60420062, 60420012, 60420064, 60420011, 60420063,
60420032, 60420031, 60420035, 60420043, 60420048, 60420018, 60420020, 60420044, 60420019, 60420065, 60420004, 60420021, 60420028,
60420049, 60420050, 60420071, 60400003, 60400012, 60400021, 60400022, 60400013, 60400001, 60400025, 60400010, 60400015, 60400009,
60400014, 60400005, 60400011, 60400006, 60400004, 60400026, 60390005, 60390026, 60390016, 60390021, 60390013, 60390018, 60390011,
60390014, 60390015, 60390004, 60390009, 60390025, 60390022, 60390002, 60390007, 60390003, 60390001, 60390020, 60390012, 60390010,
60390008, 60390019, 60460016, 60460002, 60460007, 60460024, 60460009, 60460027, 60460011, 60460012, 60460013, 60460017, 60460018,
60460020, 60460008, 60460010, 60460023, 60460014, 60460019, 60460015, 60460021, 60460001, 70460009, 60460022, 60460003, 60460004,
60460005, 60450015, 60450016, 60450022, 60450004, 60450005, 60450017, 60450006, 60450008, 60450009, 60450010, 60450019, 60450003,
60450002, 60450013, 60450014, 60450012, 70420036, 60450018, 60450007, 60450011, 70480042, 80480304, 80480267, 80480142, 80480111,
80480139, 80480097, 80480122, 80480254, 80480029, 80480181, 80480310, 80480313, 80480033, 80480185, 80480056, 80480202, 80480041,
80480239, 80480198, 80480215, 80480214, 80480234, 80480259, 80480101, 80480138, 80480153, 80480126, 80480065, 80480055, 80480067,
80480257, 80480235, 80480201, 80480038, 80480223, 80480320, 80480340, 80480220, 80480314, 80480222, 80480260, 80480023, 80480224,
80480211, 80480210, 80430059, 80470017, 80470008, 80420048, 80420016, 80420040, 80420022, 80420023, 80440078, 80440029, 80440074,
80440049, 80390021, 80390018, 80390002, 80390005, 80390022, 80450048, 80450054, 80450039, 80430066, 80430057, 80430060, 80430076,
80430011, 80430029, 80430005, 80430024, 80430010, 80400016, 80410051, 80410052, 80410007, 80410048, 70480023, 70480022, 70480001,
70480017, 70480021, 70480008, 70480013, 70480005, 80460019, 80460012, 80460026, 40450030, 40450018, 70440009, 70440020, 70440001,
70440025, 70440004, 80480117, 60480040, 70460014, 70420105, 70420006, 70420030, 70420047, 70420097, 70420005, 70420094, 70420043,
70470027, 70450016, 70450013, 80430038, 70430019, 70430007, 70430014, 80430051, 70430003, 60400027, 60400002, 60400024, 70390019,
60390027, 60390017, 60390006, 60460025
]

TARIJA=[
81680080, 81680087, 81720091, 81720080, 81720083, 81730195, 81730299, 81730192, 81730187, 81730190, 81730232, 81730222, 81730233,
81730196, 81730311, 81730264, 81730214, 81730246, 81730193, 81730200, 81730201, 81700048, 81700041, 81700046, 81690082, 81710077,
81710075, 81710078, 81710131, 81710121, 71720044, 71720028, 71710048, 71690059, 71690072, 71700041, 61710073, 61710060, 61710054,
81700055, 81680084, 81720086, 81730198, 81730266, 81730267, 81730245, 81730194, 81730199, 81730197, 81730235, 81680097, 81720098,
81730237, 81730091, 81730225, 81730239, 81730236, 81730238, 81700053, 81690090, 81710072, 71720038, 71710057, 61710057, 61710070,
81680045, 81680050, 81680091, 81680051, 81680056, 81680094, 81680064, 81680048, 81680052, 81680029, 81730219, 81680061, 81680037,
81730133, 81680083, 81680044, 81680060, 81680008, 81680015, 81680030, 81680004, 81680016, 81680055, 81680011, 81680054, 81680039,
81680081, 81680003, 81680072, 81680034, 81680071, 81680027, 81680070, 81680069, 81680095, 81680068, 81680013, 81680100, 81680065,
81680085, 81680096, 81680074, 81680082, 81680073, 81680075, 81680043, 81680018, 81680040, 81680019, 81680062, 81680017, 81680024,
81680047, 81680093, 81680026, 81680028, 81680041, 81680057, 81680086, 81680053, 81680046, 81680023, 81680025, 81680088, 81680036,
81680021, 81680058, 81680014, 81680020, 81680032, 81680079, 81680022, 81680049, 81680001, 81680038, 81680089, 81680002, 81680006,
81680042, 81680007, 81680059, 81680063, 81680067, 81680066, 81680005, 81680010, 81680090, 81680009, 81680012, 81680033, 81720024,
81720050, 81720096, 81720004, 81720008, 81720053, 81720044, 81720087, 81720084, 81720073, 81720051, 81720001, 81720068, 81720006,
81720011, 81720046, 81720054, 81720007, 81720078, 81720063, 81720037, 81720005, 81720045, 81720043, 81720047, 81720076, 81720048,
81720095, 81720056, 81720074, 81720064, 81720019, 81720060, 81720069, 81720002, 81720012, 81720016, 81720093, 81720062, 81720061,
81720066, 81720014, 81720092, 81720055, 81720039, 81720057, 81720079, 81720038, 81720065, 81720075, 81720077, 81720041, 81720010,
81720094, 81720009, 81720052, 81720040, 81720042, 81720017, 81720049, 81720020, 81720022, 81720023, 81720070, 81720025, 81720026,
81720028, 81720027, 81720021, 81720067, 81720085, 81720015, 81720029, 81720030, 81720032, 81720031, 81720089, 81720033, 81720058,
81720034, 81720035, 81720036, 81720013, 81730098, 81730100, 81730184, 81730252, 81730128, 81730136, 81730112, 81730253, 81730135,
81730104, 81730114, 81730164, 81730058, 81730063, 81730005, 81730082, 81730083, 81730163, 81730162, 81730288, 81730159, 81730006,
81730242, 81730073, 81730301, 81730248, 81730290, 81730016, 81730015, 81730174, 81730018, 81730028, 81730090, 81730300, 81730024,
81730025, 81730265, 81730138, 81730139, 81730146, 81730147, 81730148, 81730149, 81730046, 81730079, 81730102, 81730152, 81730153,
81730141, 81730154, 81730105, 81730244, 81730097, 81730129, 81730130, 81730116, 81730231, 81730109, 81730156, 81730140, 81730151,
81730122, 81730131, 81730123, 81730043, 81730110, 81730155, 81730027, 81730260, 81730134, 81730144, 81730117, 81730094, 81730093,
81730106, 81730019, 81730108, 81730171, 81730118, 81730066, 81730095, 81730067, 81730022, 81730071, 81730062, 81730023, 81730257,
81730074, 81730042, 81730289, 81730158, 81730287, 81730262, 81730078, 81730065, 81730286, 81730309, 81730268, 81730310, 81730088,
81730087, 81730216, 81730008, 81730217, 81730176, 81730077, 81730076, 81730032, 81730031, 81730034, 81730165, 81730036, 81730037,
81730166, 81730035, 81730013, 81730081, 81730249, 81730044, 81730258, 81730243, 81730254, 81730283, 81730053, 81730055, 81730181,
81730049, 81730057, 81730178, 81730085, 81730263, 81730307, 81730047, 81730048, 81730250, 81730075, 81730241, 81730001, 81730051,
81730010, 81730069, 81730056, 81730160, 81730054, 81730086, 81730169, 81730167, 81730052, 81730060, 81730247, 81730170, 81730068,
81730251, 81730002, 81730003, 81730040, 81730064, 81730029, 81730030, 81730175, 81730306, 81730011, 81730059, 81730240, 81730177,
81730172, 81730125, 81730132, 81730111, 81730107, 81730115, 81730121, 81730173, 81730120, 81730143, 81730142, 81730103, 81730127,
81730045, 81730256, 81700032, 81700054, 81700047, 81700034, 81700013, 81700052, 81700007, 81700005, 81700050, 81700044, 81700008,
81700028, 81700024, 81700017, 81700003, 81700027, 81700018, 81700002, 81700001, 81700042, 81700010, 81700015, 81700016, 81700037,
81700012, 81700045, 81700011, 81700009, 81700039, 81700006, 81700038, 81700023, 81700043, 81700026, 81700014, 81700033, 81700049,
81700031, 81700004, 81700036, 81700030, 81700029, 81700035, 81700022, 81700020, 81700019, 81690076, 81690028, 81690060, 81690072,
81690074, 81690075, 81690067, 81690066, 81690009, 81690018, 81690024, 81690034, 81690002, 81690010, 81690011, 81690007, 81690001,
81690053, 81690056, 81690050, 81690061, 81690023, 81690042, 81690057, 81690030, 81690059, 81690083, 81690036, 81690037, 81690065,
81690077, 81690004, 81690005, 81690071, 81690070, 81690020, 81690033, 81690021, 81690003, 81690038, 81690039, 81690043, 81690084,
81690047, 81690041, 81690080, 81690086, 81690012, 81690026, 81730101, 81690014, 81690052, 81690031, 81690044, 81690025, 81690063,
81690064, 81690027, 81690058, 81690069, 81690016, 81690019, 81690029, 81690089, 81690032, 81690035, 81690048, 81690049, 81690015,
81690087, 81690046, 81690079, 81690054, 81690022, 81690045, 81690051, 81690068, 81690055, 81690040, 81710025, 81710019, 81710095,
81710056, 81710093, 81710044, 81710091, 81710123, 81710024, 81710020, 81710001, 81710082, 81710052, 81710005, 81710004, 81710053,
81710055, 81710059, 81710132, 81710092, 81710117, 81710021, 81710043, 81710102, 81710122, 81710094, 81710098, 81710037, 81710112,
81710133, 61710021, 61710091, 61710093, 81710047, 81710130, 61710092, 61710022, 81710030, 81710120, 61710037, 61710036, 61710038,
61710032, 81710023, 81710022, 81710126, 81710085, 81710035, 81710079, 81710018, 81710009, 81710062, 81710013, 81710014, 81710127,
81710011, 81710010, 81710103, 81710118, 81710088, 81710066, 81710006, 81710007, 81710083, 81710051, 81710096, 81710008, 81710116,
81710054, 81710003, 81710002, 81710016, 81710012, 81710060, 81710065, 81710067, 81710084, 81710057, 81710104, 81710049, 81710048,
81710033, 81710031, 81710134, 81710108, 81710041, 81710129, 81710029, 81710128, 81710058, 81710106, 81710032, 81710119, 81710038,
81710113, 81710028, 81710110, 81710036, 81710101, 81710115, 81710042, 81710040, 81710114, 81710090, 81710039, 81710046, 81710099,
81710045, 81710097, 81710111, 81710100, 81710109, 81710107, 81710026, 71720046, 71720050, 71720029, 71720013, 71720031, 71720049,
71720020, 71720045, 71720015, 71720018, 71720043, 71720021, 71720022, 71720023, 71720014, 71720016, 71720048, 81720018, 71720047,
71720051, 71720032, 71720024, 71720025, 71720058, 71720007, 71720055, 71720006, 71720026, 71720003, 71720010, 71720060, 71720001,
71720005, 71720056, 71720004, 71720057, 71720008, 71720017, 71720019, 71710052, 71710015, 71710019, 71710013, 71710055, 71710058,
71710011, 71710049, 71710029, 71710021, 71710041, 71710007, 71710044, 71710003, 71710008, 71710054, 71710037, 71710046, 71710047,
71710050, 71710020, 71710032, 71710026, 71710051, 71710018, 71710010, 71710027, 71710045, 71710039, 71710009, 71710014, 71710022,
71710028, 71710038, 71710030, 71710001, 71710006, 71710043, 71710031, 71710002, 71710004, 71710024, 71710016, 71710012, 71710005,
71710040, 71710017, 71710042, 71690052, 71690049, 71690005, 71690033, 71690047, 71690066, 71690045, 71690053, 71690041, 71690048,
71690001, 71690068, 71690070, 71690042, 71690036, 71690050, 71690054, 71690060, 71690069, 71690051, 71690032, 71690013, 71690067,
71690018, 71690004, 71690037, 71690007, 71690031, 71690003, 71690011, 71690014, 71690015, 71690038, 71690064, 71690023, 71690025,
71690026, 71690027, 71690028, 71690044, 71690062, 71690034, 71690020, 71690016, 71690029, 71690024, 71690035, 71690006, 71700009,
71700012, 71700022, 71700038, 71700024, 71700026, 71700001, 71700013, 71700007, 71700027, 71700033, 71700035, 71700016, 71700004,
71700044, 71700037, 71700040, 71700019, 71700023, 71700042, 71700028, 71700014, 71700029, 71700025, 71700003, 71700005, 71700006,
71700030, 71700020, 71700008, 71700010, 71700034, 71700017, 71700002, 71700032, 71700031, 71700021, 71700018, 71700015, 61710085,
61710072, 61710009, 61710071, 61710044, 61710010, 61710001, 61710002, 61710011, 61710008, 61710099, 61710051, 61710003, 61710049,
61710005, 61710006, 61710007, 61710012, 61710048, 61710068, 61710004, 61710039, 61710052, 61710040, 61710016, 61710013, 61710014,
61710090, 61710097, 61710084, 61710087, 61710015, 61710019, 61710069, 61710020, 61710030, 61710061, 61710078, 61710096, 61710089,
61710076, 61710082, 81710034, 61710079, 61710077, 61710031, 61710033, 61710063, 61710080, 61710074, 61710026, 61710027, 61710025,
61710017, 61710042, 61710083, 61710062, 61710043, 61710034, 61710047, 61710029, 61710035, 61710088, 61710028, 61710018, 61710041,
61710086, 61710075, 81680101, 61710067, 81680035, 81680098, 81680092, 81720097, 81720090, 81720003, 81730092, 81730096, 81730150,
81730126, 81730021, 81730221, 81730007, 81730179, 81730180, 81730145, 81730218, 81730226, 81730215, 81730220, 81730182, 81730261,
81730183, 81730227, 81730229, 81730291, 81730228, 81730038, 81730033, 81730026, 81730080, 81730259, 81730137, 81730185, 81730234,
81730213, 81730061, 81730255, 81730186, 81700021, 81730099, 81730119, 81730124, 81730212, 81700025, 81690008, 81690085, 81690017,
81690006, 81690013, 81690062, 81690073, 81710015, 81710027, 81710064, 81710105, 81710089, 71720042, 71720033, 71720030, 71720011,
71710056, 71710023, 71690030, 71690046, 71690002, 71690043, 71690012, 71690021, 71690063, 71690008, 71690019, 71690065, 71690017,
71690022, 71700039, 61710098, 61710081, 61710024
]

BENI=[
82160014, 82230075, 82230102, 82230082, 82230103, 82230129, 82230137, 82230130, 82230076, 82230111, 82230121, 82230081, 82230127,
82230110, 82230120, 82230132, 52210037, 52210031, 82160092, 82210037, 82210038, 82220187, 82220200, 82220213, 82220134, 82220186,
82220218, 82190144, 82190177, 82190165, 72230031, 82171008, 82200073, 82200072, 82160071, 72220069, 72220074, 72220068, 72220075,
72220085, 72220072, 82220199, 72180059, 72180057, 72210093, 72210094, 72210095, 72210123, 72170016, 62160002, 62210028, 82230134,
82230135, 82230114, 82220204, 72220076, 82230106, 82230107, 82230104, 82160094, 82220194, 82220211, 82190178, 82200085, 72220087,
72180071, 72210140, 72170020, 82230031, 82230068, 82230005, 82230097, 82230023, 82230091, 82230048, 82230122, 82230043, 82230045,
82230094, 82230152, 82230020, 82230151, 82230118, 82230090, 82230112, 82230057, 82230146, 82230117, 82230119, 82230054, 82230044,
82230071, 82220017, 72230010, 82230086, 82230022, 82230019, 82230018, 82230013, 82230113, 82230128, 82230153, 82230029, 82230033,
82230098, 82230144, 82230074, 82230051, 82230049, 82230092, 82230040, 82230011, 82230001, 82230002, 82230116, 82230016, 82230047,
82230028, 82230027, 82230012, 82230050, 82230125, 82230124, 82230070, 82230032, 82230133, 82230064, 82230123, 82230145, 82230093,
82230089, 82230115, 82230021, 82230099, 82230150, 82230065, 82230066, 82230126, 82230067, 82230006, 82230007, 82230079, 82230069,
82230136, 82230062, 82230063, 82230052, 82230053, 82230060, 82230036, 82230030, 82230035, 82230073, 82230039, 82230101, 82230017,
82230026, 82230008, 82230010, 82230014, 82230015, 82230004, 82230003, 52210042, 52210024, 52210039, 52210025, 52210046, 52210018,
52210041, 52210019, 52210027, 52210020, 52210021, 52210005, 52210006, 52210022, 52210007, 52210032, 52210034, 52210033, 52210035,
52210003, 52210001, 52210008, 52210012, 52210044, 52210030, 52210014, 52210026, 52210023, 52210038, 72210018, 52210043, 52210036,
52210017, 52210011, 52210010, 52210029, 52210016, 52210045, 72210073, 52210040, 52210028, 82180046, 82180003, 82180051, 82180049,
82180010, 82180013, 82180037, 82180019, 82180016, 82190122, 82190076, 82180032, 82180030, 82220190, 82180006, 82180031, 82190012,
82190089, 82180054, 82180052, 82180050, 82160025, 82160031, 82160077, 82160045, 82160046, 82160060, 82160015, 82160011, 82160084,
82160085, 82160081, 82160095, 82160024, 82160059, 82160083, 82160074, 82160089, 82160001, 82160091, 82160069, 82160012, 82160013,
82160004, 82160087, 82160093, 82160078, 82160010, 82160006, 82160079, 82160049, 82160090, 82160054, 82160066, 82160050, 82160056,
82160039, 82160082, 82160058, 82160042, 82210052, 82210008, 82210022, 82210013, 82210019, 82210024, 82210025, 82210053, 82210020,
82210027, 82210012, 82210014, 72210026, 82210002, 82210003, 82210005, 82210033, 82210006, 82210004, 82210001, 82210036, 82210021,
82210023, 82210030, 82210049, 82210029, 82210039, 82210007, 82210045, 82210057, 82210055, 82210010, 82210031, 82210016, 82210018,
82210015, 82210032, 82210026, 82210028, 82210009, 82210050, 82210048, 82210054, 82210051, 82210011, 82210041, 82210056, 82210017,
82210043, 82210047, 82220130, 82220131, 82220069, 82220208, 82220082, 82220075, 82220103, 82220063, 82220107, 82220046, 82220058,
82220074, 82220065, 82220121, 82220161, 82220180, 82220097, 82220212, 82220116, 82220206, 82220122, 82220192, 82220101, 82220098,
82220166, 82220203, 82220054, 82220156, 82220022, 82220050, 82220179, 82220178, 82220036, 82220030, 82220024, 82220151, 82220016,
82220172, 82220009, 82220007, 82220011, 82220012, 82220154, 82220001, 82220008, 82220066, 82220209, 82220108, 82220047, 82220128,
82220085, 82220181, 82220176, 82220217, 82220118, 82220173, 82220010, 82220119, 82220148, 82220043, 82220174, 82220028, 82220175,
82220196, 82220113, 82220142, 82220225, 82220226, 82220155, 82220092, 82210035, 82220068, 82220029, 82220044, 82220064, 82220117,
82220039, 82220124, 82220123, 82220106, 82220216, 82220171, 82220111, 82220059, 82220112, 82220045, 82220055, 82220061, 82220067,
82220094, 82220126, 82220221, 82220083, 82220207, 82220038, 82220035, 82220014, 82220015, 82220182, 82220004, 82220042, 82220003,
82220025, 82220201, 82220210, 82220150, 82220005, 82220019, 82220136, 82220018, 82220149, 82220170, 82220013, 82220021, 82220020,
82220227, 82220026, 82220197, 82220153, 82220162, 82220214, 82220073, 82220041, 82220034, 82220096, 82220110, 82220071, 82220077,
82220157, 82220099, 82220089, 82220081, 82220219, 82220052, 82190154, 82190069, 82190087, 82190007, 82190064, 82190092, 82180044,
82190014, 82190172, 82190164, 82190010, 82190030, 82190085, 82190071, 82190140, 82190174, 82190176, 82190183, 82190072, 82190159,
82190061, 82190098, 82190015, 82190146, 82190055, 82190052, 82190082, 82190066, 82190056, 82190179, 82190035, 82180045, 82190163,
82190081, 82190130, 82190047, 82190044, 82190065, 82190139, 82190048, 82190027, 82190016, 82190022, 82190021, 82190123, 82190181,
82190032, 82190143, 82190086, 82190121, 82190080, 82190135, 82190109, 82190078, 82190073, 82190142, 82190112, 82190133, 82190028,
82190134, 82190004, 82190167, 82190062, 82190153, 82190002, 82190003, 82190162, 82190131, 82190094, 82190001, 82190005, 82190006,
82190101, 82190124, 82190113, 82190117, 82190169, 82190168, 82190128, 82190059, 82190120, 82190036, 82190026, 82190099, 82190049,
82190038, 82190100, 82190031, 82190175, 82190020, 82190184, 82190011, 82190013, 72230006, 72230012, 72230009, 72230014, 72230018,
72230003, 72230008, 72230011, 72230034, 72230033, 72230002, 72230016, 72230027, 72230026, 72230017, 72230028, 72230020, 72230035,
72230021, 82170019, 82170008, 82170011, 82171006, 82170014, 82170018, 82171001, 82170002, 82170001, 82170005, 82170993, 82170999,
82200015, 72230025, 82170015, 82170021, 82200007, 82200087, 82200044, 82200078, 82200045, 82200008, 82200006, 82200064, 82200004,
82200009, 82200075, 82200065, 82200011, 82200023, 82200046, 82200002, 82200076, 82200063, 82200037, 82190110, 82200035, 82190115,
82190116, 82190111, 82190151, 82200012, 82200079, 82200013, 82200001, 82200077, 82200018, 82200019, 82200069, 82200027, 72210015,
82200040, 82200031, 72210075, 82200083, 82190107, 82200039, 82200084, 82200028, 82190129, 82190127, 82200081, 82200080, 72160003,
82160048, 82160070, 72160002, 82160026, 82160020, 82160009, 72160004, 82160038, 82160028, 82160021, 82160019, 82160036, 82200003,
82200022, 82200068, 72200003, 82200016, 82200017, 82200014, 72200004, 82200021, 82200043, 82200070, 82200024, 72200005, 82200032,
82200041, 72200006, 82200026, 72200002, 82200033, 82200025, 82200030, 82200036, 82220169, 72200008, 82220137, 72220084, 82220056,
72220038, 72220095, 72220019, 82220158, 82220114, 72220063, 72220077, 82220078, 82220145, 82220051, 72220079, 72220031, 72220094,
72220090, 72220043, 72220073, 72220006, 72220060, 72220027, 72220013, 72220051, 72220030, 72220012, 72220002, 72220004, 72220005,
72220028, 72220045, 72220007, 72220088, 72220091, 72220025, 72220078, 72220037, 72220086, 72220020, 72220001, 72220059, 72220015,
72220008, 72220014, 72220016, 72220018, 72220024, 72220061, 72220022, 72220023, 72220011, 72220026, 72220017, 72220003, 82220093,
72220083, 72220081, 72220021, 72220032, 72220065, 72220034, 72220035, 72220040, 72220041, 72220042, 72220033, 72220044, 72220058,
72220009, 72220010, 82220088, 72220047, 72220049, 72220080, 72220082, 82220095, 82220105, 72180035, 72180038, 72180005, 72180062,
72180006, 72180010, 72180041, 72180034, 72180021, 72180068, 72180004, 72180042, 72180012, 72180011, 72180070, 72180013, 72180043,
72180002, 72180037, 72180031, 72180017, 72180052, 72180047, 72180036, 72180039, 72180065, 72180014, 72180066, 72180020, 72180032,
72180033, 72180063, 72180049, 72180048, 72180030, 72180008, 72180016, 72180003, 72180022, 72180025, 72180024, 72180040, 72180060,
72180023, 72180009, 72180061, 72180028, 72180029, 72180056, 72180067, 72180069, 72180001, 72210103, 72210155, 72210106, 72210012,
72210131, 72210072, 72210111, 72210014, 72210074, 72210079, 72210060, 72210116, 72210115, 72210031, 72210025, 72210068, 72210141,
72210071, 72210024, 72210146, 72210157, 72210062, 72210162, 72210064, 72210138, 72210139, 72210114, 72210137, 72210135, 72210077,
72210120, 72210022, 72210117, 72210130, 72210020, 72210098, 72210019, 72210085, 72210129, 72210016, 72210102, 72210136, 72210109,
72210043, 72210069, 72210080, 72210147, 72210090, 72210128, 72210006, 72210032, 72210124, 72210004, 72210008, 72210023, 72210001,
72210159, 72210100, 72210125, 72210017, 72210092, 72210099, 72210010, 72210002, 72210005, 72210037, 72210148, 72210007, 72210050,
72210160, 72210084, 72210003, 72210082, 72210107, 72210108, 72210061, 72210144, 72210081, 72210132, 72210158, 72210083, 72210134,
72210056, 72210127, 72210063, 72210112, 72210046, 72210011, 72210076, 72210091, 72210156, 72210145, 72210047, 72210126, 72210149,
72210122, 72210152, 72210045, 72210118, 72210119, 72210051, 72210009, 72210027, 72210054, 72210030, 72210110, 72210153, 72210113,
72210049, 72210052, 72210150, 72210042, 72210067, 72210105, 72210151, 72210044, 72210078, 72210033, 72210057, 72210086, 72210048,
72210161, 72210121, 72210034, 72210040, 72210065, 72210035, 72210104, 72210070, 72210036, 72210059, 72210087, 72170018, 72170012,
72170007, 72170011, 72170004, 72170013, 72170019, 72170014, 72170008, 72170001, 72170005, 72170017, 72170003, 72170009, 72170006,
72230013, 72170002, 82160003, 82160002, 82160072, 82160073, 82160044, 82160016, 82160008, 82170995, 82170020, 82170007, 82170017,
62210022, 62210002, 62210003, 62210001, 62210030, 62210004, 62210031, 62210006, 62210009, 62210014, 62210007, 62210015, 62210026,
62210010, 62210019, 62210012, 62210027, 62210021, 62210013, 62210016, 62210024, 62210008, 62210020, 62210025, 62210005, 62210029,
72230036, 82230072, 82230105, 82230058, 82230083, 82230138, 82230109, 82230087, 82230131, 82230100, 82160037, 82220163, 82190141,
82190126, 82180043, 82180004, 72180051, 72180050, 72210101, 72180045, 82180024, 82230056, 82230059, 82180005, 82180018, 82180014,
82180041, 82180053, 82180040, 82180020, 82160088, 82160034, 82160080, 82160033, 82210046, 82210040, 82210044, 82210042, 82220144,
82220091, 82220100, 82220143, 82220215, 82220167, 82190063, 82190155, 82190136, 82190156, 82190157, 82230046, 82190152, 82190106,
82190119, 82190084, 82190173, 82190171, 82190160, 82190018, 82190161, 82190149, 82190170, 82190145, 82190166, 82180017, 82190118,
82200074, 82190024, 82190158, 72230030, 72230032, 72230001, 82170016, 82170010, 82170009, 82200082, 90240001, 82190053, 72210038,
82200067, 82200071, 72210013, 72160001, 72200007, 82220087, 82200034, 82220168, 72220064, 72220036, 72220071, 72220067, 72220066,
72180055, 72180007, 72180058, 72180064, 72210088, 72210133, 72210066, 72210097, 72210053, 72210041, 72210089, 72230029, 82160057,
82160052, 82160030, 82160043, 82160017, 62170001, 82170013, 82180008, 82180042
]

PANDO=[
82480057, 82480031, 82480061, 82480034, 82480052, 82480050, 72480039, 82460030, 82460033, 82470056, 82470071, 82450014, 62480013,
62480014, 62480023, 72460027, 72460037, 72440018, 52480047, 62460071, 62460036, 62470049, 62470079, 72470008, 82480036, 82480055,
82480056, 72480037, 82480049, 82480035, 72480043, 82460032, 82470070, 82450022, 62480024, 72460038, 52480043, 62460058, 62470070,
62440032, 82480028, 82480006, 82480004, 82480065, 82480029, 82480030, 82480010, 82480062, 82480063, 82480048, 82480058, 82480053,
82480060, 82480002, 82480051, 82480001, 82480003, 82480007, 82480009, 82480064, 82480047, 82480023, 82480040, 82480042, 82480022,
82480005, 82480038, 82480013, 82480039, 82480012, 82480014, 82480025, 82480046, 82480019, 82480008, 82480011, 82480054, 82480024,
82480027, 82480017, 82480020, 82480059, 82480045, 82480074, 82480069, 82440002, 82440008, 82440005, 82440004, 82440007, 82440009,
82440001, 82440006, 82440003, 72480007, 72480011, 52480021, 52480026, 72480013, 72480038, 72480014, 72480008, 72480006, 72480034,
72480044, 72480004, 72480048, 72480047, 72480010, 72480046, 72480033, 72480015, 72480012, 72480041, 82460026, 82460013, 82460012,
82460007, 82460005, 82460031, 82460022, 82460023, 82460028, 82460001, 82460004, 82460019, 82460016, 82460011, 82460010, 82460009,
82460025, 82460008, 82460006, 82460029, 82460002, 82470067, 82470059, 62470024, 82470002, 82470072, 82470022, 82470009, 62470027,
82470013, 82470060, 82490014, 82470062, 82470015, 82470055, 82470014, 82470061, 62470025, 62470026, 82470003, 62470034, 82470057,
82470051, 82470024, 82450004, 82470068, 82470004, 82470066, 82470063, 82470001, 82470065, 82470058, 82470069, 82470054, 82470064,
62470030, 82470008, 82450023, 82450017, 82450013, 82450015, 82450016, 82450010, 82450012, 82450020, 82450011, 82450019, 82450018,
82450021, 82470031, 62480005, 62480022, 62480001, 62480018, 62480003, 62480010, 62480019, 62480021, 62480020, 62480007, 62480011,
62480004, 62480002, 62480012, 62480009, 82450008, 72450014, 72450018, 72450027, 72450013, 72450026, 72450024, 62470069, 72450020,
72450022, 72450021, 72450012, 72450023, 72450025, 72450028, 72460018, 72460014, 82460017, 72460025, 82460015, 72460022, 72460034,
72460007, 72460005, 72460001, 72460021, 72460009, 72460004, 72460003, 72460026, 72460033, 72460008, 72460032, 72460016, 62460025,
72460030, 72460024, 72460013, 62460024, 82460021, 82460018, 72460019, 72460028, 72460023, 82470017, 82470029, 72470004, 72470005,
72470003, 82470005, 62480008, 82470032, 82470030, 82470021, 82470026, 82470046, 82470027, 72440002, 72440013, 72440019, 72440015,
72440008, 72440005, 72440004, 72440017, 72440010, 72440016, 72440007, 72440014, 72440020, 72440012, 52480035, 52480041, 52480025,
52480031, 52480028, 52480038, 52480023, 52480024, 52480019, 52480034, 52480037, 52480036, 52480042, 52480022, 82450002, 52480039,
52480046, 52480018, 52480020, 52480033, 52480017, 52480030, 52480029, 62460010, 62460052, 62460043, 62460062, 62460044, 62460034,
62460008, 62460023, 62460051, 62460065, 62460039, 62460063, 62460072, 62460032, 62460059, 62460007, 62460067, 62460011, 62460017,
62460033, 62460022, 62460048, 62460068, 62460060, 62460026, 62460035, 62460018, 62460045, 62460064, 62460012, 62460066, 62460038,
62460040, 62460061, 62460049, 62460053, 62460055, 62460054, 62460056, 62460057, 62460050, 62460041, 62460047, 62460037, 62460042,
62460070, 62460069, 62470017, 62470071, 62470059, 62470053, 62470075, 62470056, 62470008, 62470064, 62470067, 62470014, 62470068,
62470063, 62470012, 62470065, 62470055, 62470077, 62470066, 62470061, 62470001, 62470004, 62470062, 62470076, 62470054, 62470002,
62470048, 62470011, 62470013, 62470015, 62470058, 62470009, 62470044, 62470047, 62470003, 62470005, 62470057, 62470046, 62470074,
62470007, 62470051, 62470052, 62470078, 62470073, 82490005, 62470072, 62470045, 62470042, 62470060, 62470019, 62470050, 62470016,
62470018, 62470020, 62470023, 62440031, 62440019, 62440027, 62440023, 62440028, 62440018, 62440021, 62440025, 62440024, 62440029,
62440022, 62440026, 62440020, 62440013, 82470073, 82450024, 72450030, 72450029, 72460040, 72460039, 72470006, 72470007, 72440021,
72440022, 82480041, 82480018, 82480026, 82480043, 82480033, 82480044, 82480037, 62470043, 52490015, 82470019, 82460014, 82470028,
92490001, 92490003, 82470016, 82470050, 52480032, 72480042, 72480001, 72480036, 82460024, 82470007, 82490012, 82470011, 82470010,
62470028, 82490013, 82450009, 62480017, 62480015, 62480016, 72450015, 72450019, 72460012, 72460015, 72460006, 72460002, 72460017,
82460027, 72460020, 72460029, 72460031, 82470020, 72470002, 52480016, 52480027, 62460046, 62460009, 62460015, 62460013, 62460029,
62460031, 62460016, 62460004, 62470036, 62470021, 62470041, 62470035, 82470023, 62470039, 62470040, 82490009, 62440030, 82470025

]


